character_id,file_name,hitboxes,name,number,value,internal_id,attr_completed,attr_id,attr_name,attr_number,attr_series,attr_value,attr_version,game_name,normalized_name,param_WalkSpeed,param_WalkAddAcceleration,param_WalkBaseAcceleration,param_GroundFriction,param_DashInitialSpeed,param_RunAddAcceleration,param_RunBaseAcceleration,param_RunSpeed,param_Jumpsquat,param_JumpInitialSpeed,param_JumpHeight,param_HopHeight,param_AirJumpHeight,param_AerialAddAcceleration,param_AerialBaseAcceleration,param_AirSpeed,param_AirFriction,param_Gravity,param_FallSpeed,param_DamageFlyTopGravity,param_DamageFlyTopFallSpeed,param_FastFallSpeed,param_Weight,param_NairLandingLag,param_FairLandingLag,param_BairLandingLag,param_UairLandingLag,param_DairLandingLag,param_SoftLandingLag,param_HardLandingLag,param_FallingFrameToUseHardLandingLag,param_CharacterSizeMultiplier,param_ShieldSize,param_ShieldBreakHeight,param_GuardSpeedLimit,param_JostleFront,param_JostleBack,param_JostleWeight,param_LedgeJumpHSpeed,param_LedgeJumpHeight,param_Jab1ToJab2EndFrame,param_Jab2ToJab3EndFrame,param_Ftilt1ToFtilt2EndFrame,param_Ftilt2ToFtilt3EndFrame,param_Fsmash1ToFsmash2EndFrame,param_HasRapidJab,param_AttackInputsForRapidJab,param_RapidJabReboundDistance,param_RapidJabReboundCount,param_DtiltReboundDistance,param_DtiltReboundCount,param_FsmashMaxDamageMultiplier,param_UsmashMaxDamageMultiplier,param_DsmashMaxDamageMultiplier,param_FsmashMaxChargeFrames,param_UsmashMaxChargeFrames,param_DsmashMaxChargeFrames,param_FsmashMaxChargeHeldFrames,param_UsmashMaxChargeHeldFrames,param_DsmashMaxChargeHeldFrames,param_JumpCount,param_HasCrawl,param_HasWallJump,param_HasWallCling,param_HasZair,param_FootstoolJumpSpeedMultiplier,param_FootstoolHopSpeedMultiplier,param_AirborneFootstoolEndlag,param_WallJumpHSpeed,param_WallJumpVSpeed,param_FinalSmashMeterDamageMultiplier,param_FinalSmashMeterKBMultiplier,map_value,map_number,map_id,map_series,map_completed,map_version
01_mario,01_mario,,Mario,01,mario,1.0,True,1.0,Mario,01,super-mario,mario,v13.0.1,mariod,01mario,1.155,0.105,0.105,0.106,1.936,0.10978,0.044,1.76,3.0,16.9843,30.8805,17.54,36.33,0.07,0.01,1.208,0.015,0.087,1.5,0.074928,1.8,2.4,98.0,7.0,17.0,10.0,8.0,13.0,1.0,3.0,4.0,1.0,9.7,40.0,1.3,2.0,0.5,5.8,0.6,35.4402,24.0,24.0,0.0,0.0,0.0,False,0.0,35.0,5.0,45.0,3.0,1.4,1.4,1.4,60.0,60.0,60.0,120.0,120.0,120.0,2.0,False,True,False,False,1.3,0.7,38.0,1.3,2.3,0.9,0.875,mario,01,1.0,super-mario,True,v13.0.1
02_donkey-kong,02_donkey-kong,,Donkey Kong,02,donkey-kong,2.0,True,2.0,Donkey Kong,02,donkey-kong,donkey-kong,v13.0.1,donkey,02donkey-kong,1.365,0.105,0.105,0.123,2.09,0.07337,0.044,1.873,3.0,18.7,34.0,17.3,35.5,0.05,0.01,1.208,0.015,0.085,1.63,0.084672,1.8,2.608,127.0,10.0,17.0,11.0,15.0,14.0,1.0,4.0,4.0,1.0,15.4,43.5,1.3,4.2,2.0,8.2,0.6,37.0,28.0,0.0,0.0,0.0,0.0,False,0.0,35.0,5.0,45.0,3.0,1.4,1.4,1.4,60.0,60.0,60.0,120.0,120.0,120.0,2.0,False,False,False,False,1.3,0.7,36.0,1.3,2.7,0.7,1.02,donkey-kong,02,2.0,donkey-kong,True,v13.0.1
03_link,03_link,,Link,03,link,3.0,True,3.0,Link,03,legend-of-zelda,link,v13.0.1,younglink,03link,1.26,0.21,0.105,0.105,2.09,0.0902,0.044,1.749,3.0,18.513,33.66,16.26,33.66,0.04,0.02,0.966,0.00375,0.096,1.8,0.071568,1.8,2.88,88.0,6.0,6.0,6.0,14.0,17.0,1.0,3.0,4.0,1.0,10.0,45.0,1.3,1.8,0.5,4.5,0.6,36.83,30.0,30.0,0.0,0.0,40.0,True,4.0,35.0,10.0,45.0,3.0,1.4,1.4,1.4,60.0,60.0,60.0,120.0,120.0,120.0,2.0,False,True,False,True,1.3,0.7,33.0,1.3,2.4,0.7,1.035,link,03,3.0,legend-of-zelda,True,v13.0.1
04e_dark-samus,04e_dark-samus,,Dark Samus,04e,dark-samus,5.0,True,5.0,Dark Samus,04e,metroid,dark-samus,v13.0.1,samusd,04edark-samus,1.115,0.315,0.105,0.082,1.87,0.132,0.044,1.654,3.0,20.35,37.0,18.0,37.0,0.05,0.04,1.103,0.0075,0.075,1.33,0.078288,1.8,2.128,108.0,9.0,14.0,14.0,18.0,12.0,1.0,3.0,7.0,0.96,12.0,36.0,1.3,1.2,0.7,6.8,0.6,38.5,30.0,0.0,0.0,0.0,0.0,False,0.0,35.0,5.0,45.0,3.0,1.4,1.4,1.4,60.0,60.0,60.0,120.0,120.0,120.0,2.0,False,True,False,True,1.3,0.7,40.0,1.3,2.1,0.85,0.989,dark-samus,04e,5.0,metroid,True,v13.0.1
04_samus,04_samus,,Samus,04,samus,4.0,True,4.0,Samus,04,metroid,samus,v13.0.1,szerosuit,04samus,1.47,0.105,0.105,0.116,2.42,0.10362,0.044,2.31,3.0,24.475,44.5,21.35,44.2,0.085,0.01,1.26,0.008,0.12,1.7,0.06888,1.8,2.72,80.0,8.0,10.0,10.0,5.0,24.0,1.0,3.0,8.0,1.0,12.6,45.0,1.3,1.0,0.2,4.0,0.6,42.25,30.0,30.0,0.0,0.0,0.0,False,0.0,35.0,5.0,45.0,3.0,1.4,1.4,1.4,60.0,60.0,60.0,120.0,120.0,120.0,2.0,True,True,False,True,1.3,0.7,35.0,1.3,2.3,0.7,1.06,samus,04,4.0,metroid,True,v13.0.1
05_yoshi,05_yoshi,,Yoshi,05,yoshi,6.0,True,6.0,Yoshi,05,yoshi,yoshi,v13.0.1,yoshi,05yoshi,1.208,0.168,0.105,0.095,1.98,0.1056,0.044,2.046,3.0,19.8495,36.09,14.43,51.56,0.068,0.03,1.344,0.005,0.08,1.29,0.076944,1.8,2.064,104.0,7.0,12.0,11.0,8.0,17.0,1.0,3.0,7.0,0.94,8.0,37.0,1.3,2.0,0.8,6.4,0.6,38.045,30.0,0.0,0.0,0.0,0.0,False,0.0,35.0,5.0,50.0,3.0,1.4,1.4,1.4,60.0,60.0,60.0,120.0,120.0,120.0,2.0,True,False,False,False,1.3,0.7,41.0,1.3,2.3,0.7,0.993,yoshi,05,6.0,yoshi,True,v13.0.1
06_kirby,06_kirby,,Kirby,06,kirby,7.0,True,7.0,Kirby,06,kirby,kirby,v13.0.1,kirby,06kirby,0.977,0.168,0.105,0.116,1.9,0.10494,0.044,1.727,3.0,13.9535,25.37,12.24,22.0,0.065,0.03,0.84,0.015,0.064,1.23,0.068544,1.8,1.968,79.0,6.0,8.0,10.0,7.0,16.0,1.0,3.0,4.0,0.96,9.5,34.0,1.3,0.0,0.3,3.9,0.6,32.685,30.0,0.0,0.0,0.0,0.0,True,5.0,35.0,10.0,45.0,3.0,1.4,1.4,1.4,60.0,60.0,60.0,120.0,120.0,120.0,6.0,False,False,False,False,1.3,0.7,42.0,1.3,2.0,0.7,0.967,kirby,06,7.0,kirby,True,v13.0.1
07_fox,07_fox,,Fox,07,fox,8.0,True,8.0,Fox,07,star-fox,fox,v13.0.1,fox,07fox,1.523,0.21,0.105,0.115,2.09,0.12221,0.044,2.402,3.0,19.25,35.0,16.4,37.0,0.08,0.01,1.11,0.015,0.23,2.1,0.067872,1.8,3.36,77.0,7.0,18.0,9.0,13.0,17.0,1.0,3.0,4.0,1.08,9.2,58.0,1.3,1.6,0.5,3.9,0.6,37.5,30.0,0.0,0.0,0.0,0.0,True,5.0,35.0,8.0,45.0,3.0,1.4,1.4,1.4,60.0,60.0,60.0,120.0,120.0,120.0,2.0,False,True,False,False,1.3,0.7,29.0,1.4,3.3,0.7,0.9525,fox,07,8.0,star-fox,True,v13.0.1
08_pikachu,08_pikachu,,Pikachu,08,pikachu,9.0,True,9.0,Pikachu,08,pokemon,pikachu,v13.0.1,pikachu,08pikachu,1.302,0.158,0.105,0.132,1.98,0.132,0.044,2.039,3.0,19.525,35.5,17.12,35.5,0.09,0.01,0.957,0.0075,0.095,1.55,0.068544,1.8,2.48,79.0,9.0,12.0,18.0,14.0,22.0,1.0,3.0,4.0,0.96,9.1,36.2,1.3,1.5,0.8,3.9,0.6,37.75,0.0,0.0,0.0,0.0,0.0,False,0.0,35.0,4.0,45.0,3.0,1.4,1.4,1.4,60.0,60.0,60.0,120.0,120.0,120.0,2.0,True,True,False,False,1.3,0.7,37.0,1.3,2.6,0.7,0.96,pikachu,08,9.0,pokemon,True,v13.0.1
09_luigi,09_luigi,,Luigi,09,luigi,10.0,True,10.0,Luigi,09,super-mario,luigi,v13.0.1,luigi,09luigi,1.134,0.105,0.105,0.096,1.815,0.08646,0.044,1.65,3.0,24.2,44.0,19.98,41.31,0.075,0.0,0.77,0.0075,0.083,1.32,0.074592,1.8,2.112,97.0,8.0,13.0,10.0,7.0,12.0,1.0,3.0,8.0,1.0,10.2,38.0,0.7,1.8,0.5,5.7,0.6,42.0,20.0,30.0,0.0,0.0,0.0,False,0.0,35.0,5.0,45.0,3.0,1.4,1.4,1.4,60.0,60.0,60.0,120.0,120.0,120.0,2.0,True,False,False,True,1.3,0.7,40.0,1.3,2.1,0.7,1.19,luigi,09,10.0,super-mario,True,v13.0.1
10_ness,10_ness,,Ness,10,ness,11.0,True,11.0,Ness,10,earthbound,ness,v13.0.1,ness,10ness,0.907,0.084,0.105,0.131,1.826,0.07161,0.044,1.609,3.0,18.964,34.48,16.65,45.65,0.09,0.01,1.007,0.0225,0.077,1.31,0.073584,1.8,2.096,94.0,8.0,12.0,10.0,8.0,12.0,1.0,3.0,5.0,1.0,8.7,37.0,1.3,1.8,0.5,5.4,0.6,37.24,30.0,30.0,0.0,0.0,0.0,False,0.0,35.0,5.0,45.0,3.0,1.4,1.2,1.2,60.0,60.0,60.0,120.0,30.0,30.0,2.0,False,False,False,False,1.3,0.7,40.0,1.3,2.5,0.7,0.875,ness,10,11.0,earthbound,True,v13.0.1
11_captain-falcon,11_captain-falcon,,Captain Falcon,11,captain-falcon,12.0,True,12.0,Captain Falcon,11,f-zero,captain-falcon,v13.0.1,falco,11captain-falcon,1.344,0.21,0.105,0.127,2.035,0.1232,0.044,1.619,3.0,27.7805,50.51,17.34,50.51,0.09,0.01,0.977,0.01,0.13,1.8,0.069552,1.8,2.88,82.0,9.0,15.0,13.0,9.0,11.0,1.0,3.0,4.0,1.05,11.8,46.0,1.1,1.8,0.5,4.2,0.6,45.255,30.0,0.0,0.0,0.0,0.0,True,5.0,35.0,10.0,45.0,3.0,1.4,1.4,1.4,60.0,60.0,60.0,120.0,120.0,120.0,2.0,False,True,False,False,1.3,0.7,33.0,1.3,2.8,0.7,0.9575,captain-falcon,11,12.0,f-zero,True,v13.0.1
12_jigglypuff,12_jigglypuff,,Jigglypuff,12,jigglypuff,13.0,True,13.0,Jigglypuff,12,pokemon,jigglypuff,v13.0.1,purin,12jigglypuff,0.735,0.168,0.105,0.087,1.65,0.09119,0.044,1.271,3.0,10.8845,19.79,11.26,19.79,0.08,0.05,1.332,0.0375,0.053,0.98,0.064848,1.8,1.568,68.0,9.0,9.0,8.0,9.0,12.0,1.0,3.0,4.0,1.0,9.6,936.84,1.3,0.1,0.8,2.8,0.6,29.895,30.0,0.0,0.0,0.0,0.0,False,0.0,35.0,5.0,45.0,3.0,1.4,1.4,1.4,60.0,60.0,60.0,120.0,120.0,120.0,6.0,False,False,False,False,1.3,0.7,45.0,1.3,1.6,0.7,0.92,jigglypuff,12,13.0,pokemon,True,v13.0.1
13e_daisy,13e_daisy,,Daisy,13e,daisy,15.0,True,15.0,Daisy,13e,super-mario,daisy,v13.0.1,daisy,13edaisy,0.924,0.21,0.105,0.111,1.826,0.12991,0.044,1.595,3.0,16.5165,30.03,14.5,30.03,0.105,0.015,1.029,0.01,0.07,1.19,0.071904,1.8,1.904,89.0,7.0,13.0,11.0,7.0,8.0,1.0,3.0,7.0,1.0,10.5,36.44,1.3,1.4,0.7,4.9,0.6,35.015,30.0,0.0,0.0,0.0,0.0,False,0.0,35.0,5.0,45.0,3.0,1.4,1.4,1.4,60.0,60.0,60.0,120.0,120.0,120.0,2.0,False,False,False,False,1.3,0.7,42.0,1.3,2.2,0.7,1.0,daisy,13e,15.0,super-mario,True,v13.0.1
13_peach,13_peach,,Peach,13,peach,14.0,True,14.0,Peach,13,super-mario,peach,v13.0.1,peach,13peach,0.924,0.21,0.105,0.111,1.826,0.12991,0.044,1.595,3.0,16.5165,30.03,14.5,30.03,0.105,0.015,1.029,0.01,0.07,1.19,0.071904,1.8,1.904,89.0,7.0,13.0,11.0,7.0,8.0,1.0,3.0,7.0,1.0,10.5,36.44,1.3,1.4,0.7,4.9,0.6,35.015,30.0,0.0,0.0,0.0,0.0,False,0.0,35.0,5.0,45.0,3.0,1.4,1.4,1.4,60.0,60.0,60.0,120.0,120.0,120.0,2.0,False,False,False,False,1.3,0.7,42.0,1.3,2.2,0.7,1.0,peach,13,14.0,super-mario,True,v13.0.1
14_bowser,14_bowser,id,Bowser,14,bowser,16.0,True,16.0,Bowser,14,super-mario,bowser,v13.0.1,koopajr,14bowser,0.924,0.105,0.105,0.085,1.76,0.10978,0.044,1.566,3.0,18.92,34.4,16.59,34.4,0.07,0.01,1.134,0.015,0.092,1.65,0.078288,1.8,2.64,108.0,9.0,16.0,14.0,9.0,15.0,1.0,3.0,7.0,1.0,11.3,41.76,1.3,2.8,2.8,6.8,0.6,37.2,30.0,0.0,0.0,0.0,0.0,True,4.0,35.0,10.0,45.0,3.0,1.4,1.4,1.4,60.0,60.0,60.0,120.0,120.0,120.0,2.0,False,False,False,False,1.3,0.7,35.0,1.3,2.1,0.7,1.11,bowser,14,16.0,super-mario,True,v13.0.1
15_ice-climbers,15_ice-climbers,,Ice Climbers,15,ice-climbers,17.0,True,17.0,Ice Climbers,15,ice-climber,ice-climbers,v13.0.1,popo,15ice-climbers,1.008,0.089,0.105,0.077,1.68,0.08096,0.044,1.53,3.0,12.1415,34.69,16.75,34.69,0.08,0.01,0.83,0.015,0.082,1.3,0.072912,1.8,2.08,92.0,7.0,10.0,7.0,14.0,20.0,1.0,3.0,7.0,1.0,10.6,42.11,1.3,1.3,0.5,5.2,1.2,37.345,30.0,30.0,0.0,0.0,0.0,False,0.0,35.0,5.0,45.0,3.0,1.4,1.4,1.4,60.0,60.0,60.0,120.0,120.0,120.0,2.0,False,False,False,False,1.3,0.7,41.0,1.3,2.6,0.7,0.98,ice-climbers,15,17.0,ice-climber,True,v13.0.1
16_sheik,16_sheik,,Sheik,16,sheik,18.0,True,18.0,Sheik,16,legend-of-zelda,sheik,v13.0.1,sheik,16sheik,1.47,0.21,0.105,0.106,2.178,0.121,0.044,2.42,3.0,21.45,39.0,18.75,40.0,0.08,0.01,1.155,0.015,0.15,1.75,0.068208,1.8,2.8,78.0,6.0,5.0,7.0,13.0,22.0,1.0,3.0,7.0,1.0,13.2,47.5,1.3,1.0,0.5,4.1,0.6,39.5,30.0,0.0,0.0,0.0,0.0,True,5.0,35.0,8.0,45.0,3.0,1.4,1.4,1.4,60.0,60.0,60.0,120.0,120.0,120.0,2.0,True,True,True,False,1.3,0.7,34.0,1.4,2.8,0.7,1.028,sheik,16,18.0,legend-of-zelda,True,v13.0.1
17_zelda,17_zelda,,Zelda,17,zelda,19.0,True,19.0,Zelda,17,legend-of-zelda,zelda,v13.0.1,zelda,17zelda,0.914,0.21,0.105,0.116,1.958,0.12925,0.044,1.43,3.0,17.3525,31.55,15.24,31.55,0.055,0.01,1.092,0.006,0.071,1.35,0.07056,1.8,2.16,85.0,12.0,15.0,16.0,12.0,12.0,1.0,3.0,8.0,0.97,12.9,36.0,1.3,1.2,0.5,4.5,0.6,35.775,0.0,0.0,0.0,0.0,0.0,True,3.0,35.0,10.0,45.0,3.0,1.4,1.4,1.4,60.0,60.0,60.0,120.0,120.0,120.0,2.0,False,False,False,False,1.3,0.7,40.0,1.3,2.1,0.62,0.829,zelda,17,19.0,legend-of-zelda,True,v13.0.1
18_dr-mario,18_dr-mario,,Dr. Mario,18,dr-mario,,,,,,,,,mariod,18dr-mario,,,,,,,,,,,,,,,,,,,,,,,,,,,,,,,,,,,,,,,,,,,,,,,,,,,,,,,,,,,,,,,,,,,,,,,,,dr-mario,18,20.0,super-mario,True,v13.0.1
19_pichu,19_pichu,,Pichu,19,pichu,21.0,True,21.0,Pichu,19,pokemon,pichu,v13.0.1,pichu,19pichu,1.302,0.1575,0.105,0.11,1.98,0.14,0.06,1.892,3.0,20.2125,36.75,17.43,36.02,0.09,0.01,1.029,0.0075,0.14,1.9,0.062832,1.8,2.5,62.0,7.0,12.0,18.0,11.0,22.0,1.0,2.0,4.0,0.92,8.8,47.0,1.3,1.5,0.8,1.5,1.0,38.375,0.0,0.0,0.0,0.0,0.0,False,0.0,35.0,4.0,45.0,3.0,1.4,1.4,1.4,60.0,60.0,60.0,120.0,120.0,120.0,2.0,True,True,False,False,1.3,0.7,32.0,1.3,2.6,0.7,0.941,pichu,19,21.0,pokemon,True,v13.0.1
20_falco,20_falco,,Falco,20,falco,22.0,True,22.0,Falco,20,star-fox,falco,v13.0.1,falco,20falco,,,,,,,,,,,,,,,,,,,,,,,,,,,,,,,,,,,,,,,,,,,,,,,,,,,,,,,,,,,,,,,,,,,,,,,,,falco,20,22.0,star-fox,True,v13.0.1
21e_lucina,21e_lucina,,Lucina,21e,lucina,24.0,True,24.0,Lucina,21e,fire-emblem,lucina,v13.0.1,lucina,21elucina,1.575,0.189,0.0,0.114,2.255,0.0902,0.044,1.964,3.0,18.513,33.66,16.26,33.66,0.07,0.01,1.071,0.00375,0.075,1.58,0.07224,1.8,2.528,90.0,7.0,10.0,10.0,8.0,14.0,1.0,3.0,4.0,0.95,11.9,40.85,1.3,1.8,0.5,5.0,0.6,36.83,30.0,0.0,0.0,0.0,0.0,False,0.0,35.0,5.0,45.0,3.0,1.4,1.4,1.4,60.0,60.0,60.0,120.0,120.0,120.0,2.0,False,False,False,False,1.3,0.7,36.0,1.3,2.4,0.7,0.3,lucina,21e,24.0,fire-emblem,True,v13.0.1
21_marth,21_marth,,Marth,21,marth,23.0,True,23.0,Marth,21,fire-emblem,marth,v13.0.1,marth,21marth,1.575,0.189,0.0,0.114,2.255,0.0902,0.044,1.964,3.0,18.513,33.66,16.26,33.66,0.07,0.01,1.071,0.00375,0.075,1.58,0.07224,1.8,2.528,90.0,7.0,10.0,10.0,8.0,14.0,1.0,3.0,4.0,0.95,11.9,38.0,1.3,1.3,0.5,5.0,0.6,36.83,30.0,0.0,0.0,0.0,0.0,False,0.0,35.0,5.0,45.0,3.0,1.4,1.4,1.4,60.0,60.0,60.0,120.0,120.0,120.0,2.0,False,False,False,False,1.3,0.7,36.0,1.3,2.4,0.7,0.3,marth,21,23.0,fire-emblem,True,v13.0.1
22_young-link,22_young-link,,Young Link,22,young-link,25.0,True,25.0,Young Link,22,legend-of-zelda,young-link,v13.0.1,younglink,22young-link,,,,,,,,,,,,,,,,,,,,,,,,,,,,,,,,,,,,,,,,,,,,,,,,,,,,,,,,,,,,,,,,,,,,,,,,,young-link,22,25.0,legend-of-zelda,True,v13.0.1
23_ganondorf,23_ganondorf,,Ganondorf,23,ganondorf,26.0,True,26.0,Ganondorf,23,legend-of-zelda,ganondorf,v13.0.1,ganon,23ganondorf,0.767,0.084,0.0315,0.125,1.87,0.10593,0.033,1.34,3.0,14.0195,25.49,12.24,26.0,0.03,0.01,0.83,0.015,0.108,1.65,0.081648,1.8,2.64,118.0,10.0,13.0,11.0,11.0,16.0,1.0,4.0,4.0,0.96,15.0,40.0,1.3,1.8,2.0,7.3,0.6,32.745,0.0,0.0,0.0,0.0,0.0,False,0.0,35.0,5.0,45.0,3.0,1.4,1.4,1.4,60.0,60.0,60.0,120.0,120.0,120.0,2.0,False,False,False,False,1.3,0.7,35.0,1.3,2.6,0.7,0.944,ganondorf,23,26.0,legend-of-zelda,True,v13.0.1
24_mewtwo,24_mewtwo,,Mewtwo,24,mewtwo,27.0,True,27.0,Mewtwo,24,pokemon,mewtwo,v13.0.1,mewtwo,24mewtwo,1.26,0.315,0.105,0.116,2.255,0.0,0.11,2.255,3.0,17.1105,31.11,17.5,57.35,0.05,0.02,1.313,0.016,0.082,1.55,0.068544,1.8,2.48,79.0,10.0,8.0,10.0,8.0,11.0,1.0,4.0,7.0,1.03,13.6,37.0,1.3,1.8,0.5,3.4,0.6,35.555,24.0,24.0,0.0,0.0,0.0,True,3.0,35.0,10.0,45.0,3.0,1.4,1.4,1.4,60.0,60.0,60.0,120.0,120.0,120.0,2.0,False,True,False,False,1.3,0.7,37.0,1.3,2.3,0.7,0.885,mewtwo,24,27.0,pokemon,True,v13.0.1
25e_chrom,25e_chrom,,Chrom,25e,chrom,29.0,True,29.0,Chrom,25e,fire-emblem,chrom,v13.0.1,chrom,25echrom,1.208,0.1575,0.0,0.107,2.2,0.077,0.033,2.145,3.0,17.0335,30.97,13.0,28.0,0.03,0.02,1.302,0.005,0.114,1.8,0.07392,1.8,2.88,95.0,9.0,8.0,10.0,8.0,14.0,1.0,4.0,2.0,0.96,11.9,42.0,1.3,1.8,0.5,5.5,0.6,35.485,0.0,0.0,0.0,0.0,0.0,False,0.0,35.0,5.0,45.0,3.0,1.4,1.4,1.4,60.0,60.0,60.0,120.0,120.0,120.0,2.0,False,False,False,False,1.3,0.7,33.0,1.3,2.4,0.7,0.95,chrom,25e,29.0,fire-emblem,True,v13.0.1
25_roy,25_roy,,Roy,25,roy,28.0,True,28.0,Roy,25,fire-emblem,roy,v13.0.1,roy,25roy,1.208,0.1575,0.0,0.107,2.2,0.077,0.033,2.145,3.0,17.0335,30.97,13.0,28.0,0.03,0.02,1.302,0.005,0.114,1.8,0.07392,1.8,2.88,95.0,9.0,8.0,10.0,8.0,14.0,1.0,4.0,2.0,0.96,11.9,42.0,1.3,1.8,0.5,5.5,0.6,35.485,0.0,0.0,0.0,0.0,0.0,False,0.0,35.0,5.0,45.0,3.0,1.4,1.4,1.4,60.0,60.0,60.0,120.0,120.0,120.0,2.0,False,False,False,False,1.3,0.7,33.0,1.3,2.4,0.7,0.97,roy,25,28.0,fire-emblem,True,v13.0.1
26_mr-game-watch,26_mr-game-watch,,Mr. Game & Watch,26,mr-game-watch,,,,,,,,,gamewatch,26mr-game-watch,1.18,0.105,0.105,0.131,1.98,0.09053,0.044,1.679,3.0,15.1305,27.51,13.26,27.51,0.03,0.07,1.176,0.012,0.08,1.24,0.0672,1.8,1.984,75.0,7.0,17.0,18.0,12.0,22.0,1.0,3.0,4.0,1.0,10.4,35.0,1.3,1.8,0.5,3.5,0.6,33.755,0.0,0.0,0.0,0.0,0.0,True,4.0,35.0,10.0,45.0,3.0,1.4,1.4,1.4,60.0,60.0,60.0,120.0,120.0,120.0,2.0,False,False,False,False,1.3,0.7,41.0,1.3,2.3,0.7,0.81,mr-game-watch,26,30.0,game-watch,True,v13.0.1
27_meta-knight,27_meta-knight,,Meta Knight,27,meta-knight,31.0,True,31.0,Meta Knight,27,kirby,meta-knight,v13.0.1,metaknight,27meta-knight,1.239,0.168,0.105,0.097,2.211,0.10428,0.044,2.09,3.0,17.6,32.0,13.92,28.93,0.065,0.01,1.04,0.012,0.11,1.66,0.06888,1.8,2.656,80.0,7.0,10.0,11.0,9.0,9.0,1.0,3.0,4.0,1.0,11.6,39.0,1.3,0.0,0.0,4.0,0.6,36.0,0.0,0.0,25.0,27.0,0.0,True,0.0,35.0,8.0,45.0,3.0,1.4,1.4,1.4,60.0,60.0,60.0,120.0,120.0,120.0,6.0,False,False,False,False,1.3,0.7,35.0,1.3,2.0,0.7,0.98,meta-knight,27,31.0,kirby,True,v13.0.1
28e_dark-pit,28e_dark-pit,,Dark Pit,28e,dark-pit,33.0,True,33.0,Dark Pit,28e,kid-icarus,dark-pit,v13.0.1,pitb,28edark-pit,1.259,0.21,0.105,0.135,2.09,0.12474,0.044,1.828,3.0,17.05,31.0,14.96,31.0,0.065,0.01,0.935,0.008,0.081,1.48,0.074256,1.8,2.368,96.0,14.0,12.0,8.0,14.0,12.0,1.0,4.0,4.0,1.0,12.8,37.63,1.3,1.8,1.1,5.6,0.6,35.5,27.0,27.0,0.0,0.0,0.0,True,4.0,35.0,10.0,45.0,3.0,1.4,1.4,1.4,60.0,60.0,60.0,120.0,120.0,120.0,4.0,False,False,False,False,1.3,0.7,38.0,1.3,2.6,0.7,0.885,dark-pit,28e,33.0,kid-icarus,True,v13.0.1
28_pit,28_pit,,Pit,28,pit,32.0,True,32.0,Pit,28,kid-icarus,pit,v13.0.1,pit,28pit,,,,,,,,,,,,,,,,,,,,,,,,,,,,,,,,,,,,,,,,,,,,,,,,,,,,,,,,,,,,,,,,,,,,,,,,,pit,28,32.0,kid-icarus,True,v13.0.1
29_zero-suit-samus,29_zero-suit-samus,,Zero Suit Samus,29,zero-suit-samus,34.0,True,34.0,Zero Suit Samus,29,metroid,zero-suit-samus,v13.0.1,szerosuit,29zero-suit-samus,,,,,,,,,,,,,,,,,,,,,,,,,,,,,,,,,,,,,,,,,,,,,,,,,,,,,,,,,,,,,,,,,,,,,,,,,zero-suit-samus,29,34.0,metroid,True,v13.0.1
30_wario,30_wario,,Wario,30,wario,35.0,True,35.0,Wario,30,wario,wario,v13.0.1,wario,30wario,0.889,0.0735,0.105,0.106,1.837,0.10494,0.044,1.65,3.0,16.775,30.5,14.7,30.5,0.08,0.04,1.271,0.04,0.107,1.61,0.077952,1.8,2.576,107.0,7.0,10.0,16.0,7.0,18.0,1.0,3.0,4.0,1.0,9.7,40.0,1.3,1.4,0.8,6.7,0.6,35.25,30.0,0.0,0.0,0.0,0.0,False,0.0,35.0,5.0,45.0,3.0,1.4,1.4,1.4,60.0,60.0,60.0,120.0,120.0,120.0,2.0,True,False,False,False,1.3,0.7,36.0,1.3,2.3,0.7,0.99,wario,30,35.0,wario,True,v13.0.1
31_snake,31_snake,,Snake,31,snake,36.0,True,36.0,Snake,31,metal-gear,snake,v13.0.1,snake,31snake,0.882,0.21,0.105,0.116,1.76,0.12694,0.044,1.595,3.0,11.891,21.62,13.69,34.07,0.02,0.01,0.987,0.005,0.08,1.73,0.077616,1.8,2.768,106.0,16.0,19.0,19.0,15.0,20.0,1.0,3.0,4.0,0.97,12.3,39.0,1.3,1.4,0.8,7.3,0.6,30.81,30.0,30.0,31.0,0.0,0.0,False,0.0,35.0,5.0,45.0,3.0,1.4,1.4,1.4,60.0,60.0,60.0,120.0,120.0,120.0,2.0,True,False,False,False,1.3,0.7,34.0,1.3,2.3,0.7,0.887,snake,31,36.0,metal-gear,True,v13.0.1
32_ike,32_ike,,Ike,32,ike,37.0,True,37.0,Ike,32,fire-emblem,ike,v13.0.1,ike,32ike,0.912,0.1575,0.0,0.112,1.815,0.0724,0.02,1.507,3.0,16.445,29.9,16.0,31.0,0.04,0.01,1.134,0.009,0.092,1.65,0.077952,1.8,2.64,107.0,8.0,14.0,11.0,9.0,14.0,1.0,3.0,4.0,1.0,11.5,35.68,1.3,1.8,0.5,6.7,0.6,34.95,30.0,30.0,0.0,0.0,0.0,False,0.0,35.0,5.0,45.0,3.0,1.4,1.4,1.4,60.0,60.0,60.0,120.0,120.0,120.0,2.0,False,False,False,False,1.3,0.7,35.0,1.3,2.4,0.7,1.008,ike,32,37.0,fire-emblem,True,v13.0.1
33_squirtle,33_squirtle,,Squirtle,33,squirtle,38.0,True,38.0,Squirtle,33,pokemon,squirtle,v13.0.1,pzenigame,33squirtle,1.281,0.1575,0.1575,0.088,1.936,0.088,0.044,1.76,3.0,19.4425,35.35,17.03,35.35,0.095,0.01,1.01,0.018,0.128,1.35,0.0672,1.8,2.16,75.0,8.0,6.0,18.0,6.0,16.0,1.0,3.0,8.0,0.94,10.3,35.68,1.3,1.3,0.5,3.5,0.6,37.675,30.0,30.0,0.0,0.0,0.0,False,0.0,35.0,5.0,45.0,6.0,1.4,1.4,1.4,60.0,60.0,60.0,120.0,120.0,120.0,2.0,True,True,True,False,1.3,0.7,40.0,1.3,2.4,0.7,1.009,squirtle,33,38.0,pokemon,True,v13.0.1
34_ivysaur,34_ivysaur,,Ivysaur,34,ivysaur,39.0,True,39.0,Ivysaur,34,pokemon,ivysaur,v13.0.1,pfushigisou,34ivysaur,1.103,0.105,0.042,0.121,1.903,0.099,0.044,1.595,3.0,17.7375,32.25,15.58,32.25,0.085,0.01,0.998,0.014,0.082,1.38,0.074256,1.8,2.208,96.0,16.0,13.0,7.0,11.0,13.0,1.0,3.0,4.0,1.14,9.6,35.68,1.3,1.8,0.5,6.0,0.6,36.125,30.0,30.0,0.0,0.0,0.0,True,5.0,35.0,10.0,45.0,3.0,1.4,1.4,1.4,60.0,60.0,60.0,120.0,120.0,120.0,2.0,True,False,False,False,1.3,0.7,39.0,1.3,2.4,0.7,1.01,ivysaur,34,39.0,pokemon,True,v13.0.1
35_charizard,35_charizard,,Charizard,35,charizard,40.0,True,40.0,Charizard,35,pokemon,charizard,v13.0.1,plizardon,35charizard,1.187,0.1365,0.063,0.11,2.288,0.10593,0.0165,2.2,3.0,17.6,32.0,15.43,36.0,0.05,0.01,1.103,0.008,0.11,1.52,0.080976,1.8,2.432,116.0,10.0,19.0,20.0,13.0,21.0,1.0,4.0,6.0,1.0,15.0,38.85,1.3,1.0,2.5,7.6,0.6,36.0,29.0,29.0,0.0,0.0,0.0,False,0.0,35.0,5.0,45.0,3.0,1.4,1.4,1.4,60.0,60.0,60.0,120.0,120.0,120.0,3.0,False,False,False,False,1.3,0.7,37.0,1.3,2.6,0.7,1.01,charizard,35,40.0,pokemon,True,v13.0.1
36_diddy-kong,36_diddy-kong,,Diddy Kong,36,diddy-kong,41.0,True,41.0,Diddy Kong,36,donkey-kong,diddy-kong,v13.0.1,diddy,36diddy-kong,1.313,0.105,0.105,0.093,2.09,0.165,0.044,2.006,3.0,22.6655,41.21,19.9,41.21,0.05,0.0,0.924,0.008,0.125,1.75,0.07224,1.8,2.8,90.0,8.0,16.0,7.0,9.0,17.0,1.0,3.0,7.0,1.0,9.3,46.0,1.3,1.8,0.5,5.3,0.6,40.605,30.0,30.0,0.0,0.0,0.0,False,0.0,35.0,5.0,45.0,3.0,1.4,1.4,1.4,60.0,60.0,60.0,120.0,120.0,120.0,2.0,True,True,True,False,1.3,0.7,34.0,1.3,2.3,0.7,0.915,diddy-kong,36,41.0,donkey-kong,True,v13.0.1
37_lucas,37_lucas,,Lucas,37,lucas,42.0,True,42.0,Lucas,37,earthbound,lucas,v13.0.1,lucas,37lucas,0.893,0.084,0.105,0.116,1.815,0.088,0.022,1.65,3.0,16.1755,29.41,13.0,44.13,0.085,0.01,1.155,0.014,0.09,1.37,0.073584,1.8,2.192,94.0,12.0,7.0,9.0,7.0,16.0,1.0,3.0,4.0,1.0,8.7,39.15,1.3,1.8,0.5,5.4,0.6,45.63,30.0,30.0,0.0,0.0,0.0,False,0.0,35.0,5.0,45.0,5.0,1.4,1.4,1.4,60.0,60.0,60.0,120.0,120.0,120.0,2.0,False,False,False,True,1.3,0.7,39.0,1.3,2.5,0.7,0.91,lucas,37,42.0,earthbound,True,v13.0.1
38_sonic,38_sonic,,Sonic,38,sonic,43.0,True,43.0,Sonic,38,sonic,sonic,v13.0.1,sonic,38sonic,1.444,0.105,0.105,0.138,2.31,0.165,0.044,3.85,3.0,19.25,35.0,16.89,35.0,0.04,0.01,1.208,0.01,0.09,1.65,0.070896,1.8,2.64,86.0,10.0,16.0,15.0,13.0,21.0,1.0,3.0,5.0,0.95,10.9,39.0,1.3,1.8,1.0,5.4,0.6,37.5,24.0,24.0,0.0,0.0,0.0,False,0.0,35.0,5.0,45.0,3.0,1.4,1.4,1.4,60.0,60.0,60.0,120.0,120.0,120.0,2.0,False,True,False,False,1.3,0.7,35.0,1.3,2.3,0.7,1.0,sonic,38,43.0,sonic,True,v13.0.1
39_king-dedede,39_king-dedede,,King Dedede,39,king-dedede,44.0,True,44.0,King Dedede,39,kirby,king-dedede,v13.0.1,dedede,39king-dedede,1.029,0.1575,0.0,0.085,1.815,0.09438,0.044,1.496,3.0,18.0675,32.85,16.02,32.85,0.04,0.01,0.735,0.006,0.097,1.95,0.084672,1.8,3.12,127.0,9.0,18.0,13.0,13.0,18.0,1.0,5.0,4.0,0.95,15.9,40.32,1.3,1.0,1.5,7.9,0.6,36.425,30.0,0.0,0.0,0.0,0.0,True,5.0,50.0,10.0,45.0,3.0,1.4,1.4,1.4,60.0,60.0,60.0,120.0,120.0,120.0,5.0,False,False,False,False,1.3,0.7,31.0,1.3,2.4,0.7,1.052,king-dedede,39,44.0,kirby,True,v13.0.1
40_olimar,40_olimar,,Olimar,40,olimar,45.0,True,45.0,Olimar,40,pikmin,olimar,v13.0.1,pikmin,40olimar,0.945,0.08925,0.105,0.093,1.606,0.09592,0.044,1.617,3.0,18.425,33.5,16.19,33.5,0.07,0.01,0.861,0.015,0.068,1.35,0.068544,1.8,2.16,79.0,13.0,9.0,9.0,18.0,18.0,1.0,3.0,4.0,0.95,9.6,35.0,1.3,1.8,0.5,3.9,0.6,36.75,20.0,0.0,0.0,0.0,0.0,False,0.0,35.0,5.0,45.0,3.0,1.2,1.2,1.2,60.0,60.0,60.0,60.0,60.0,60.0,2.0,False,False,False,False,1.3,0.7,40.0,1.3,2.6,0.7,0.919,olimar,40,45.0,pikmin,True,v13.0.1
41_lucario,41_lucario,,Lucario,41,lucario,46.0,True,46.0,Lucario,41,pokemon,lucario,v13.0.1,lucario,41lucario,1.103,0.21,0.105,0.116,2.255,0.165,0.044,1.705,3.0,20.691,37.62,18.19,37.62,0.08,0.01,1.281,0.004,0.084,1.68,0.072912,1.8,2.688,92.0,5.0,9.0,14.0,13.0,12.0,1.0,3.0,6.0,1.05,11.3,42.0,1.3,1.8,1.6,5.9,0.6,38.81,30.0,30.0,0.0,0.0,0.0,False,0.0,35.0,5.0,45.0,3.0,1.4,1.4,1.4,60.0,60.0,60.0,120.0,120.0,120.0,2.0,True,True,True,False,1.3,0.7,35.0,1.4,2.8,0.77,0.955,lucario,41,46.0,pokemon,True,v13.0.1
42_rob,42_rob,,R.O.B.,42,rob,,,,,,,,,robot,42rob,1.178,0.21,0.105,0.105,2.002,0.12408,0.044,1.725,3.0,20.9,38.0,18.38,38.0,0.045,0.04,1.134,0.015,0.09,1.6,0.077616,1.8,2.56,106.0,7.0,9.0,13.0,13.0,13.0,1.0,3.0,7.0,1.0,13.4,41.0,1.3,0.1,0.5,6.6,0.6,39.0,30.0,0.0,0.0,0.0,0.0,False,0.0,35.0,5.0,45.0,3.0,1.4,1.4,1.4,60.0,60.0,60.0,120.0,120.0,120.0,2.0,False,False,False,False,1.3,0.7,36.0,1.3,2.1,0.7,1.0,,,,,,
43_toon-link,43_toon-link,,Toon Link,43,toon-link,48.0,True,48.0,Toon Link,43,legend-of-zelda,toon-link,v13.0.1,toonlink,43toon-link,,,,,,,,,,,,,,,,,,,,,,,,,,,,,,,,,,,,,,,,,,,,,,,,,,,,,,,,,,,,,,,,,,,,,,,,,toon-link,43,48.0,legend-of-zelda,True,v13.0.1
44_wolf,44_wolf,,Wolf,44,wolf,49.0,True,49.0,Wolf,44,star-fox,wolf,v13.0.1,wolf,44wolf,1.208,0.105,0.105,0.11,2.09,0.10978,0.044,1.54,3.0,17.611,32.02,15.38,30.71,0.08,0.01,1.281,0.004,0.13,1.8,0.072912,1.8,2.88,92.0,9.0,10.0,15.0,10.0,19.0,1.0,3.0,4.0,1.18,9.4,44.0,1.3,1.4,1.2,6.2,0.6,36.01,24.0,24.0,0.0,0.0,0.0,False,0.0,35.0,5.0,45.0,3.0,1.4,1.4,1.4,60.0,60.0,60.0,120.0,120.0,120.0,2.0,False,True,False,False,1.3,0.7,33.0,1.3,2.3,0.7,1.0045,wolf,44,49.0,star-fox,True,v13.0.1
45_villager,45_villager,,Villager,45,villager,50.0,True,50.0,Villager,45,animal-crossing,villager,v13.0.1,murabito,45villager,1.092,0.105,0.105,0.131,1.815,0.10978,0.044,1.397,3.0,17.875,32.5,15.69,32.5,0.05,0.01,0.987,0.01,0.078,1.32,0.072912,1.8,2.112,92.0,8.0,14.0,14.0,12.0,12.0,1.0,3.0,8.0,0.993,9.8,37.0,1.3,1.8,1.0,5.7,0.6,36.25,22.0,0.0,0.0,0.0,0.0,False,0.0,35.0,10.0,45.0,3.0,1.2,1.4,1.4,60.0,60.0,60.0,60.0,120.0,120.0,2.0,False,True,False,False,1.3,0.7,40.0,1.3,2.3,0.7,1.02,villager,45,50.0,animal-crossing,True,v13.0.1
46_mega-man,46_mega-man,,Mega Man,46,mega-man,51.0,True,51.0,Mega Man,46,mega-man,mega-man,v13.0.1,rockman,46mega-man,1.132,0.105,0.105,0.094,1.958,0.10978,0.044,1.602,3.0,18.04,32.8,11.49,32.8,0.1,0.01,1.155,0.05,0.107,1.8,0.076272,1.8,2.88,102.0,5.0,11.0,20.0,20.0,14.0,1.0,3.0,4.0,1.0,9.5,42.0,1.3,1.8,1.0,6.2,0.6,36.4,0.0,0.0,0.0,0.0,0.0,False,0.0,35.0,5.0,45.0,3.0,1.3,1.4,1.4,60.0,60.0,60.0,60.0,120.0,120.0,2.0,False,True,False,False,1.3,0.7,33.0,1.3,2.3,0.7,0.975,mega-man,46,51.0,mega-man,True,v13.0.1
47_wii-fit-trainer,47_wii-fit-trainer,,Wii Fit Trainer,47,wii-fit-trainer,52.0,True,52.0,Wii Fit Trainer,47,wii-fit,wii-fit-trainer,v13.0.1,wiifit,47wii-fit-trainer,1.224,0.105,0.105,0.128,2.024,0.10978,0.044,1.866,3.0,19.58,35.6,17.18,35.6,0.08,0.01,1.019,0.01,0.09,1.3,0.074256,1.8,2.08,96.0,8.0,7.0,12.0,9.0,12.0,1.0,3.0,7.0,0.96,13.3,40.0,1.3,0.2,0.2,5.6,0.6,37.8,24.0,24.0,0.0,0.0,0.0,False,0.0,35.0,5.0,45.0,3.0,1.4,1.4,1.4,60.0,60.0,60.0,120.0,120.0,120.0,2.0,True,True,False,False,1.3,0.7,41.0,1.3,2.3,0.9,0.9,wii-fit-trainer,47,52.0,wii-fit,True,v13.0.1
48_rosalina-luma,48_rosalina-luma,,Rosalina & Luma,48,rosalina-luma,53.0,True,53.0,Rosalina & Luma,48,super-mario,rosalina-luma,v13.0.1,rosetta,48rosalina-luma,1.138,0.21,0.105,0.099,2.035,0.12991,0.044,1.795,3.0,22.0,40.0,19.37,40.0,0.1,0.01,1.05,0.01,0.062,1.2,0.069552,1.8,1.92,82.0,8.0,16.0,10.0,11.0,12.0,1.0,3.0,7.0,1.0,13.6,33.0,1.3,1.0,1.5,3.7,0.6,40.0,30.0,30.0,0.0,0.0,0.0,True,5.0,35.0,10.0,45.0,3.0,1.4,1.4,1.4,60.0,60.0,60.0,120.0,120.0,120.0,2.0,True,False,False,False,1.3,0.7,42.0,1.3,2.2,0.7,0.91,rosalina-luma,48,53.0,super-mario,True,v13.0.1
49_little-mac,49_little-mac,,Little Mac,49,little-mac,54.0,True,54.0,Little Mac,49,punch-out,little-mac,v13.0.1,littlemac,49little-mac,1.386,0.1575,0.105,0.116,2.365,0.17798,0.033,2.464,3.0,14.3,26.0,12.53,26.0,0.03,0.01,1.208,0.0075,0.09,1.95,0.071232,1.8,3.12,87.0,10.0,13.0,16.0,13.0,18.0,1.0,3.0,2.0,1.11,11.2,37.0,1.3,1.4,0.5,4.2,0.6,33.0,30.0,30.0,0.0,0.0,0.0,True,4.0,35.0,10.0,45.0,3.0,1.4,1.4,1.4,60.0,60.0,60.0,120.0,120.0,120.0,2.0,False,True,False,False,1.3,0.7,31.0,1.4,2.6,0.7,0.997,little-mac,49,54.0,punch-out,True,v13.0.1
50_greninja,50_greninja,,Greninja,50,greninja,55.0,True,55.0,Greninja,50,pokemon,greninja,v13.0.1,gekkouga,50greninja,1.502,0.14,0.12,0.087,2.178,0.132,0.055,2.288,3.0,25.3,46.0,22.11,46.0,0.07,0.01,1.239,0.015,0.18,1.85,0.071568,1.8,2.96,88.0,7.0,11.0,10.0,14.0,30.0,1.0,3.0,7.0,1.0,11.7,52.0,1.3,1.6,0.3,5.4,0.6,43.0,30.0,30.0,0.0,0.0,0.0,True,4.0,35.0,8.0,45.0,3.0,1.4,1.4,1.4,60.0,60.0,60.0,120.0,120.0,120.0,2.0,True,True,True,False,1.3,0.7,32.0,1.3,2.7,0.7,0.9825,greninja,50,55.0,pokemon,True,v13.0.1
51_mii-brawler,51_mii-brawler,,Mii Brawler,51,mii-brawler,56.0,True,56.0,Mii Brawler,51,smash-bros,mii-brawler,v13.0.1,miifighter,51mii-brawler,1.26,0.105,0.105,0.12,1.87,0.10978,0.044,1.92,3.0,19.25,35.0,17.0,35.5,0.058,0.01,1.15,0.015,0.169,1.92,0.073584,1.8,3.072,94.0,6.0,11.0,11.0,10.0,18.0,1.0,3.0,7.0,1.15,9.0,52.0,1.3,1.8,1.0,6.0,0.6,37.5,30.0,0.0,0.0,0.0,0.0,True,5.0,35.0,8.0,45.0,3.0,1.4,1.4,1.4,60.0,60.0,60.0,120.0,120.0,120.0,2.0,False,True,False,False,1.3,0.7,31.0,1.3,2.5,0.7,0.965,mii-brawler,51,56.0,smash-bros,True,v13.0.1
52_mii-swordfighter,52_mii-swordfighter,,Mii Swordfighter,52,mii-swordfighter,57.0,True,57.0,Mii Swordfighter,52,smash-bros,mii-swordfighter,v13.0.1,miiswordsman,52mii-swordfighter,1.07,0.21,0.105,0.11,1.74,0.13167,0.044,1.58,3.0,15.565,28.3,12.3,28.3,0.05,0.01,1.17,0.0038,0.106,1.55,0.0756,1.8,2.48,100.0,9.0,12.0,9.0,10.0,18.0,1.0,4.0,4.0,1.15,10.3,39.0,1.3,1.8,0.5,6.0,0.6,34.15,35.0,35.0,0.0,0.0,0.0,False,0.0,35.0,5.0,45.0,3.0,1.4,1.4,1.4,60.0,60.0,60.0,120.0,120.0,120.0,2.0,False,False,False,False,1.3,0.7,37.0,1.3,2.6,0.825,0.85,mii-swordfighter,52,57.0,smash-bros,True,v13.0.1
53_mii-gunner,53_mii-gunner,,Mii Gunner,53,mii-gunner,58.0,True,58.0,Mii Gunner,53,smash-bros,mii-gunner,v13.0.1,miigunner,53mii-gunner,1.0,0.105,0.105,0.076,1.63,0.10978,0.044,1.37,3.0,16.995,30.9,14.6,32.3,0.043,0.01,0.93,0.012,0.098,1.45,0.076944,1.8,2.32,104.0,11.0,12.0,11.0,13.0,17.0,1.0,3.0,7.0,1.15,9.1,40.67,1.3,1.8,0.5,6.0,0.6,35.45,30.0,35.0,0.0,0.0,0.0,False,0.0,35.0,5.0,45.0,3.0,1.4,1.4,1.4,60.0,60.0,60.0,120.0,120.0,120.0,2.0,False,True,False,False,1.3,0.7,38.0,1.3,2.1,0.7,0.985,mii-gunner,53,58.0,smash-bros,True,v13.0.1
54_palutena,54_palutena,,Palutena,54,palutena,59.0,True,59.0,Palutena,54,kid-icarus,palutena,v13.0.1,palutena,54palutena,1.271,0.21,0.105,0.106,2.035,0.12991,0.044,2.077,3.0,19.745,35.9,17.3,35.9,0.105,0.01,1.0,0.01,0.12,1.55,0.072576,1.8,2.48,91.0,12.0,9.0,10.0,14.0,11.0,1.0,3.0,7.0,0.95,13.7,43.59,1.3,0.8,1.2,5.1,0.6,37.95,0.0,0.0,0.0,0.0,0.0,True,3.0,35.0,10.0,45.0,3.0,1.4,1.4,1.4,60.0,60.0,60.0,120.0,120.0,120.0,2.0,False,False,False,False,1.3,0.7,37.0,1.3,2.2,0.7,0.935,palutena,54,59.0,kid-icarus,True,v13.0.1
55_pac-man,55_pac-man,,Pac-Man,55,pac-man,60.0,True,60.0,Pac-Man,55,pac-man,pac-man,v13.0.1,pacman,55pac-man,1.097,0.105,0.105,0.116,1.87,0.10978,0.044,1.672,3.0,18.755,34.1,16.48,34.1,0.07,0.01,1.092,0.015,0.072,1.35,0.07392,1.8,2.16,95.0,7.0,10.0,13.0,10.0,12.0,1.0,3.0,7.0,1.0,11.0,36.0,1.3,1.6,0.5,5.5,0.6,37.05,30.0,30.0,0.0,0.0,0.0,False,0.0,35.0,5.0,45.0,3.0,1.4,1.4,1.4,60.0,60.0,60.0,120.0,120.0,120.0,2.0,True,True,False,False,1.3,0.7,40.0,1.3,2.1,0.7,1.0,pac-man,55,60.0,pac-man,True,v13.0.1
56_robin,56_robin,,Robin,56,robin,61.0,True,61.0,Robin,56,fire-emblem,robin,v13.0.1,reflet,56robin,,,,,,,,,,,,,,,,,,,,,,,,,,,,,,,,,,,,,,,,,,,,,,,,,,,,,,,,,,,,,,,,,,,,,,,,,robin,56,61.0,fire-emblem,True,v13.0.1
57_shulk,57_shulk,,Shulk,57,shulk,62.0,True,62.0,Shulk,57,xenoblade,shulk,v13.0.1,shulk,57shulk,1.155,0.1575,0.0,0.094,1.87,0.07964,0.011,1.672,3.0,18.425,33.5,16.8,33.5,0.04,0.01,1.113,0.009,0.098,1.58,0.074592,1.8,2.528,97.0,6.0,10.0,11.0,9.0,14.0,1.0,3.0,4.0,0.98,11.6,42.24,1.3,1.2,0.5,6.2,0.6,36.75,30.0,30.0,0.0,0.0,0.0,False,0.0,35.0,5.0,45.0,3.0,1.4,1.4,1.4,60.0,60.0,60.0,120.0,120.0,120.0,2.0,False,False,False,False,1.3,0.7,36.0,1.3,2.4,0.7,1.03,shulk,57,62.0,xenoblade,True,v13.0.1
58_bowser-jr,58_bowser-jr,,Bowser Jr.,58,bowser-jr,,,,,,,,,koopajr,58bowser-jr,,,,,,,,,,,,,,,,,,,,,,,,,,,,,,,,,,,,,,,,,,,,,,,,,,,,,,,,,,,,,,,,,,,,,,,,,bowser-jr,58,63.0,super-mario,True,v13.0.1
59_duck-hunt,59_duck-hunt,,Duck Hunt,59,duck-hunt,64.0,True,64.0,Duck Hunt,59,duck-hunt,duck-hunt,v13.0.1,duckhunt,59duck-hunt,1.213,0.105,0.105,0.09,1.76,0.10978,0.044,1.793,3.0,18.7,34.0,16.48,33.8,0.07,0.01,1.155,0.015,0.076,1.65,0.070896,1.8,2.64,86.0,10.0,9.0,14.0,11.0,15.0,1.0,3.0,7.0,1.0,9.7,40.0,1.3,2.5,0.9,5.1,0.6,37.0,30.0,30.0,0.0,0.0,0.0,True,4.0,35.0,10.0,45.0,3.0,1.4,1.4,1.4,60.0,60.0,60.0,120.0,120.0,120.0,2.0,True,True,False,False,1.3,0.7,35.0,1.3,2.1,0.7,1.0175,duck-hunt,59,64.0,duck-hunt,True,v13.0.1
60e_ken,60e_ken,,Ken,60e,ken,66.0,True,66.0,Ken,60e,street-fighter,ken,v13.0.1,ken,60eken,0.825,0.11,1.1,0.11,1.936,0.11,0.044,1.76,3.0,14.3,26.0,15.0,29.5,0.025,0.01,1.12,0.015,0.12,1.6,0.076608,1.8,2.24,103.0,5.0,11.0,10.0,11.0,15.0,1.0,3.0,4.0,0.98,13.2,44.1,1.3,1.0,0.5,6.3,0.6,33.0,24.0,24.0,0.0,0.0,0.0,False,0.0,35.0,5.0,45.0,3.0,1.4,1.4,1.4,60.0,60.0,60.0,120.0,120.0,120.0,2.0,False,False,False,False,1.3,0.7,36.0,1.3,2.3,0.7,0.96,ken,60e,66.0,street-fighter,True,v13.0.1
60_ryu,60_ryu,,Ryu,60,ryu,65.0,True,65.0,Ryu,60,street-fighter,ryu,v13.0.1,ryu,60ryu,0.75,0.1,1.0,0.11,1.76,0.1,0.04,1.6,3.0,14.3,26.0,15.0,29.5,0.025,0.01,1.12,0.015,0.12,1.6,0.076608,1.8,2.24,103.0,5.0,11.0,10.0,11.0,15.0,1.0,3.0,4.0,0.98,13.2,45.5,1.3,1.0,0.5,6.3,0.6,33.0,24.0,24.0,0.0,0.0,0.0,False,0.0,35.0,5.0,45.0,3.0,1.4,1.4,1.4,60.0,60.0,60.0,120.0,120.0,120.0,2.0,False,False,False,False,1.3,0.7,36.0,1.3,2.3,0.75,0.895,ryu,60,65.0,street-fighter,True,v13.0.1
61_cloud,61_cloud,,Cloud,61,cloud,67.0,True,67.0,Cloud,61,final-fantasy,cloud,v13.0.1,cloud,61cloud,1.155,0.1575,0.0,0.106,2.145,0.099,0.011,2.167,3.0,17.875,32.5,17.0,32.5,0.06,0.01,1.155,0.009,0.098,1.68,0.0756,1.8,2.688,100.0,9.0,11.0,8.0,9.0,16.0,1.0,3.0,4.0,0.98,12.9,39.5,1.3,1.8,0.5,6.0,0.6,36.25,30.0,30.0,0.0,0.0,0.0,False,0.0,35.0,5.0,45.0,3.0,1.4,1.4,1.4,60.0,60.0,60.0,120.0,120.0,120.0,2.0,False,True,False,False,1.3,0.7,35.0,1.3,2.4,0.7,0.96,cloud,61,67.0,final-fantasy,True,v13.0.1
62_corrin,62_corrin,,Corrin,62,corrin,68.0,True,68.0,Corrin,62,fire-emblem,corrin,v13.0.1,kamui,62corrin,1.208,0.1575,0.0,0.129,1.892,0.07964,0.011,1.595,3.0,18.15,33.0,16.0,31.0,0.04,0.01,1.019,0.009,0.092,1.65,0.074928,1.8,2.64,98.0,10.0,8.0,13.0,9.0,26.0,1.0,3.0,4.0,0.99,12.0,40.0,1.3,1.8,0.5,5.8,0.6,36.5,30.0,30.0,0.0,0.0,0.0,True,4.0,35.0,10.0,45.0,3.0,1.4,1.4,1.4,60.0,60.0,60.0,120.0,120.0,120.0,2.0,False,False,False,False,1.3,0.7,35.0,1.3,2.4,0.7,0.9475,corrin,62,68.0,fire-emblem,True,v13.0.1
63_bayonetta,63_bayonetta,,Bayonetta,63,bayonetta,69.0,True,69.0,Bayonetta,63,bayonetta,bayonetta,v13.0.1,bayonetta,63bayonetta,0.945,0.105,0.105,0.11,1.936,0.10362,0.044,1.76,3.0,21.45,39.0,21.35,42.0,0.085,0.01,1.019,0.008,0.12,1.77,0.069216,1.8,2.832,81.0,10.0,12.0,10.0,8.0,30.0,1.0,3.0,8.0,1.03,12.3,46.0,1.3,1.0,0.2,4.4,0.6,39.5,26.0,31.0,31.0,39.0,0.0,True,4.0,35.0,8.0,45.0,3.0,1.2,1.2,1.2,60.0,60.0,60.0,60.0,60.0,60.0,2.0,False,True,True,False,1.3,0.7,33.0,1.3,2.3,0.7,0.9845,bayonetta,63,69.0,bayonetta,True,v13.0.1
64_inkling,64_inkling,,Inkling,64,inkling,70.0,True,70.0,Inkling,64,splatoon,inkling,v13.0.1,inkling,64inkling,1.134,0.105,0.105,0.102,2.118,0.10978,0.044,1.925,3.0,18.15,33.0,17.54,36.33,0.07,0.01,1.208,0.015,0.087,1.58,0.073584,1.8,2.528,94.0,5.0,12.0,6.0,6.0,10.0,1.0,3.0,4.0,1.03,10.1,44.1,1.3,1.8,0.5,6.0,0.6,36.5,30.0,30.0,0.0,0.0,0.0,True,4.0,35.0,10.0,45.0,3.0,1.4,1.4,1.4,60.0,60.0,60.0,120.0,120.0,120.0,2.0,True,True,False,False,1.3,0.7,36.0,1.3,2.3,0.7,0.99,inkling,64,70.0,splatoon,True,v13.0.1
65_ridley,65_ridley,,Ridley,65,ridley,71.0,True,71.0,Ridley,65,metroid,ridley,v13.0.1,ridley,65ridley,1.1,0.15,0.1,0.08,1.8,0.0998,0.04,2.2,3.0,18.7,34.0,14.2,32.0,0.06,0.01,1.05,0.015,0.09,1.78,0.077952,1.8,2.848,107.0,12.0,16.0,17.0,14.0,32.0,1.0,3.0,6.0,0.95,14.6,40.0,1.3,1.8,2.5,6.0,0.6,37.0,30.0,30.0,0.0,0.0,0.0,True,4.0,50.0,10.0,45.0,3.0,1.4,1.4,1.4,60.0,60.0,60.0,120.0,120.0,120.0,3.0,False,False,False,False,1.3,0.7,33.0,1.3,2.3,0.71,1.0,ridley,65,71.0,metroid,True,v13.0.1
66e_richter,66e_richter,,Richter,66e,richter,73.0,True,73.0,Richter,66e,castlevania,richter,v13.0.1,richter,66erichter,0.76,0.3,0.1,0.085,1.73,0.0998,0.04,1.52,3.0,12.0,30.0,18.0,29.0,0.02,0.01,0.94,0.02,0.085,1.85,0.077952,1.8,2.96,107.0,14.0,10.0,10.0,10.0,26.0,1.0,3.0,4.0,1.0,12.1,39.5,1.3,1.8,0.5,6.0,0.6,35.0,30.0,30.0,0.0,0.0,0.0,True,5.0,35.0,5.0,45.0,3.0,1.4,1.4,1.4,60.0,60.0,60.0,120.0,120.0,120.0,2.0,True,False,False,False,1.3,0.7,32.0,1.3,2.3,0.7,1.005,richter,66e,73.0,castlevania,True,v13.0.1
66_simon,66_simon,,Simon,66,simon,72.0,True,72.0,Simon,66,castlevania,simon,v13.0.1,simon,66simon,0.76,0.3,0.1,0.085,1.73,0.0998,0.04,1.52,3.0,12.0,30.0,18.0,29.0,0.02,0.01,0.94,0.02,0.085,1.85,0.077952,1.8,2.96,107.0,14.0,10.0,10.0,10.0,26.0,1.0,3.0,4.0,1.0,12.1,39.5,1.3,1.8,0.5,6.0,0.6,35.0,30.0,30.0,0.0,0.0,0.0,True,5.0,35.0,5.0,45.0,3.0,1.4,1.4,1.4,60.0,60.0,60.0,120.0,120.0,120.0,2.0,True,False,False,False,1.3,0.7,32.0,1.3,2.3,0.7,1.005,simon,66,72.0,castlevania,True,v13.0.1
67_king-k-rool,67_king-k-rool,,King K. Rool,67,king-k-rool,,,,,,,,,krool,67king-k-rool,0.903,0.0315,0.0525,0.105,1.936,0.066,0.044,1.485,3.0,18.15,33.0,13.5,32.61,0.04,0.01,0.945,0.015,0.105,1.7,0.086688,1.8,2.72,133.0,9.0,11.0,14.0,13.0,14.0,1.0,5.0,7.0,0.89,17.7,39.61,1.3,1.8,2.0,9.0,0.6,36.5,30.0,31.0,0.0,0.0,0.0,False,0.0,35.0,5.0,45.0,3.0,1.4,1.4,1.4,60.0,60.0,60.0,120.0,120.0,120.0,2.0,False,False,False,False,1.3,0.7,35.0,1.3,2.8,0.7,1.015,king-k-rool,67,74.0,donkey-kong,True,v13.0.1
68_isabelle,68_isabelle,,Isabelle,68,isabelle,75.0,True,75.0,Isabelle,68,animal-crossing,isabelle,v13.0.1,shizue,68isabelle,1.14,0.105,0.105,0.131,1.815,0.10978,0.044,1.48,3.0,17.875,32.5,15.69,32.5,0.05,0.01,1.02,0.01,0.07,1.3,0.071568,1.8,2.08,88.0,6.0,14.0,14.0,9.0,9.0,1.0,3.0,8.0,1.0,9.3,35.0,1.3,1.8,1.0,5.7,0.6,36.25,0.0,0.0,0.0,0.0,0.0,False,0.0,40.0,2.0,45.0,3.0,1.4,1.4,1.4,60.0,60.0,60.0,120.0,120.0,120.0,2.0,False,False,False,False,1.3,0.7,41.0,1.3,2.3,0.7,0.97,isabelle,68,75.0,animal-crossing,True,v13.0.1
69_incineroar,69_incineroar,,Incineroar,69,incineroar,76.0,True,76.0,Incineroar,69,pokemon,incineroar,v13.0.1,gaogaen,69incineroar,0.62,0.05,0.1,0.114,1.76,0.09,0.02,1.18,3.0,17.38,31.6,14.4,32.8,0.06,0.01,0.88,0.015,0.126,1.76,0.080976,1.8,2.816,116.0,11.0,14.0,11.0,8.0,16.0,1.0,3.0,8.0,1.0,11.7,44.0,1.3,1.8,0.5,6.4,0.6,35.8,24.0,32.0,0.0,0.0,0.0,False,0.0,35.0,5.0,45.0,3.0,1.4,1.4,1.4,60.0,60.0,60.0,120.0,120.0,120.0,2.0,False,False,False,False,1.3,0.7,34.0,1.3,2.7,0.7,1.0375,incineroar,69,76.0,pokemon,True,v13.0.1
70_piranha-plant,70_piranha-plant,,Piranha Plant,70,piranha-plant,77.0,True,77.0,Piranha Plant,70,super-mario,piranha-plant,v13.0.1,packun,70piranha-plant,0.76,0.05,0.05,0.088,1.82,0.08,0.06,1.72,3.0,20.57,37.4,17.5,38.52,0.05,0.01,1.0,0.008,0.14,1.95,0.079632,1.8,2.73,112.0,15.0,13.0,16.0,10.0,18.0,1.0,3.0,4.0,0.87,13.4,41.0,1.3,2.0,0.5,7.2,0.71,38.7,26.0,26.0,27.0,0.0,0.0,True,4.0,50.0,10.0,45.0,3.0,1.4,1.4,1.4,60.0,60.0,60.0,120.0,120.0,120.0,2.0,False,False,False,False,1.3,0.7,31.0,1.3,2.3,0.7,0.98,piranha-plant,70,77.0,super-mario,True,v13.0.1
71_joker,71_joker,,Joker,71,joker,78.0,True,78.0,Joker,71,persona,joker,v13.0.1,jack,71joker,1.12,0.11,0.2,0.13,1.9,0.11,0.04,2.06,3.0,17.875,32.5,14.2,34.0,0.07,0.01,1.1,0.01,0.127,1.63,0.073248,1.8,3.097,93.0,8.0,12.0,9.0,14.0,11.0,1.0,3.0,4.0,0.98,11.8,45.0,1.3,1.2,1.8,5.3,0.6,36.25,24.0,24.0,0.0,0.0,0.0,False,0.0,35.0,5.0,45.0,3.0,1.4,1.4,1.4,60.0,60.0,60.0,120.0,120.0,120.0,2.0,False,True,False,False,1.3,0.7,36.0,1.3,2.7,0.85,0.92,joker,71,78.0,persona,True,v13.0.1
72_hero,72_hero,,Hero,72,hero,79.0,True,79.0,Hero,72,dragon-quest,hero,v13.0.1,brave,72hero,0.98,0.16,0.08,0.11,1.88,0.08,0.03,1.84,3.0,15.95,29.0,15.5,31.0,0.045,0.01,1.01,0.008,0.094,1.57,0.075936,1.8,2.512,101.0,10.0,12.0,14.0,8.0,18.0,1.0,3.0,4.0,0.96,11.8,43.5,1.3,1.7,1.3,6.0,0.6,34.5,30.0,30.0,36.0,0.0,0.0,False,0.0,35.0,5.0,45.0,3.0,1.4,1.4,1.4,60.0,60.0,60.0,120.0,120.0,120.0,2.0,False,False,False,False,1.3,0.7,36.0,1.3,2.4,0.8,0.96,hero,72,79.0,dragon-quest,True,v13.0.1
73_banjo-kazooie,73_banjo-kazooie,,Banjo & Kazooie,73,banjo-kazooie,80.0,True,80.0,Banjo & Kazooie,73,banjo-kazooie,banjo-kazooie,v13.0.1,buddy,73banjo-kazooie,1.06,0.04,0.06,0.076,1.68,0.07,0.08,2.18,3.0,16.39,29.8,17.8,32.0,0.06,0.01,0.92,0.014,0.11,1.76,0.077616,1.8,2.816,106.0,16.0,11.0,18.0,12.0,27.0,1.0,3.0,8.0,1.05,9.8,41.2,1.3,1.8,0.6,5.9,0.6,34.9,30.0,27.0,0.0,0.0,0.0,True,4.0,35.0,10.0,45.0,3.0,1.4,1.4,1.4,60.0,60.0,60.0,120.0,120.0,120.0,3.0,False,False,False,False,1.3,0.7,34.0,1.3,2.8,0.8,0.95,banjo-kazooie,73,80.0,banjo-kazooie,True,v13.0.1
74_terry,74_terry,,Terry,74,terry,81.0,True,81.0,Terry,74,fatal-fury,terry,v13.0.1,dolly,74terry,0.85,0.1,0.03,0.111,1.65,0.12,0.04,1.72,3.0,14.85,27.0,15.2,29.0,0.05,0.01,0.95,0.012,0.09,1.48,0.078288,1.8,2.368,108.0,6.0,11.0,10.0,6.0,15.0,1.0,3.0,4.0,1.02,11.8,42.6,1.3,1.8,0.6,5.9,0.6,33.5,22.0,34.0,0.0,0.0,0.0,False,0.0,35.0,5.0,45.0,3.0,1.4,1.4,1.4,60.0,60.0,60.0,120.0,120.0,120.0,2.0,False,False,False,False,1.3,0.7,38.0,1.3,2.4,0.75,0.98,terry,74,81.0,fatal-fury,True,v13.0.1
75_byleth,75_byleth,,Byleth,75,byleth,82.0,True,82.0,Byleth,75,fire-emblem,byleth,v13.0.1,master,75byleth,0.78,0.1,0.07,0.125,1.8,0.13,0.02,1.43,3.0,14.575,26.5,14.0,28.5,0.043,0.01,0.89,0.008,0.089,1.6,0.074592,1.8,2.56,97.0,13.0,11.0,13.0,14.0,28.0,1.0,3.0,4.0,1.02,11.6,39.0,1.3,1.6,2.2,5.5,0.6,33.25,28.0,28.0,0.0,0.0,0.0,True,4.0,35.0,5.0,45.0,3.0,1.4,1.4,1.4,60.0,60.0,60.0,120.0,120.0,120.0,2.0,False,False,False,False,1.3,0.7,36.0,1.3,2.2,0.75,0.98,byleth,75,82.0,fire-emblem,True,v13.0.1
76_min-min,76_min-min,,Min Min,76,min-min,83.0,True,83.0,Min Min,76,arms,min-min,v13.0.1,tantan,76min-min,1.05,0.15,0.11,0.13,1.9,0.11,0.04,1.55,3.0,16.885,30.7,16.0,29.0,0.05,0.01,0.85,0.015,0.11,1.52,0.076944,1.8,2.432,104.0,12.0,12.0,10.0,8.0,25.0,1.0,3.0,4.0,1.076,11.2,37.0,1.3,1.9,1.5,6.5,0.6,35.35,25.0,31.0,0.0,0.0,0.0,True,5.0,35.0,5.0,45.0,3.0,1.4,1.4,1.4,60.0,60.0,60.0,30.0,120.0,120.0,2.0,False,False,False,False,1.3,0.7,37.0,1.3,2.4,0.85,0.98,min-min,76,83.0,arms,True,v13.0.1
77_steve,77_steve,,Steve,77,steve,84.0,True,84.0,Steve,77,minecraft,steve,v13.0.1,pickel,77steve,0.85,0.0,0.85,0.095,1.45,0.0,0.115,1.45,3.0,9.075,16.5,10.0,22.5,0.04,0.01,0.86,0.0075,0.07,1.42,0.072912,1.8,2.272,92.0,6.0,12.0,12.0,10.0,18.0,1.0,3.0,1.0,1.0,10.4,35.6,1.3,1.6,1.2,5.8,0.6,28.25,0.0,0.0,0.0,0.0,0.0,False,0.0,35.0,5.0,45.0,3.0,1.4,1.4,1.4,60.0,60.0,60.0,120.0,120.0,120.0,2.0,True,False,False,False,1.3,0.7,39.0,1.3,2.4,0.75,0.92,steve,77,84.0,minecraft,True,v13.0.1
78_sephiroth,78_sephiroth,,Sephiroth,78,sephiroth,85.0,True,85.0,Sephiroth,78,final-fantasy,sephiroth,v13.0.1,edge,78sephiroth,0.9,0.08,0.02,0.11,1.92,0.09,0.03,1.86,3.0,16.775,30.5,10.0,34.0,0.07,0.01,0.95,0.008,0.108,1.84,0.068544,1.8,2.944,79.0,9.0,14.0,16.0,21.0,26.0,1.0,3.0,3.0,1.0,13.9,42.5,1.3,1.3,0.5,5.0,0.6,35.25,28.0,30.0,0.0,0.0,0.0,False,0.0,35.0,5.0,45.0,3.0,1.4,1.4,1.4,60.0,60.0,60.0,120.0,120.0,120.0,2.0,False,False,False,False,1.3,0.7,32.0,1.3,2.4,0.7,0.935,sephiroth,78,85.0,final-fantasy,True,v13.0.1
79_pyra,79_pyra,,Pyra,79,pyra,86.0,True,86.0,Pyra,79,xenoblade,pyra,v13.0.1,eflame,79pyra,0.92,0.11,0.09,0.08,1.69,0.11,0.015,1.38,3.0,14.728,26.3,15.2,29.0,0.055,0.01,1.1,0.009,0.078,1.62,0.074928,1.8,2.592,98.0,15.0,14.0,14.0,8.0,14.0,1.0,3.0,4.0,1.112,11.9,38.0,1.3,1.3,0.5,5.0,0.6,33.15,30.0,30.0,0.0,0.0,0.0,True,5.0,35.0,5.0,45.0,3.0,1.4,1.4,1.4,60.0,60.0,60.0,120.0,120.0,120.0,2.0,False,False,False,False,1.3,0.7,36.0,1.3,2.4,0.8,0.955,pyra,79,86.0,xenoblade,True,v13.0.1
80_mythra,80_mythra,,Mythra,80,mythra,87.0,True,87.0,Mythra,80,xenoblade,mythra,v13.0.1,elight,80mythra,1.42,0.13,0.11,0.121,2.45,0.12,0.02,2.41,3.0,17.248,30.8,15.6,33.0,0.06,0.01,1.22,0.012,0.137,1.87,0.072912,1.8,2.992,92.0,13.0,10.0,10.0,8.0,11.0,1.0,3.0,4.0,1.112,11.9,38.0,1.3,1.3,0.5,5.0,0.6,35.4,30.0,30.0,0.0,0.0,0.0,True,5.0,35.0,5.0,45.0,3.0,1.4,1.4,1.4,60.0,60.0,60.0,120.0,120.0,120.0,2.0,False,False,False,False,1.3,0.7,32.0,1.3,2.4,0.8,0.965,mythra,80,87.0,xenoblade,True,v13.0.1
81_kazuya,81_kazuya,,Kazuya,81,kazuya,88.0,True,88.0,Kazuya,81,tekken,kazuya,v13.0.1,demon,81kazuya,0.66,0.1575,0.1,0.115,1.58,0.11,0.04,1.55,6.0,9.9,18.0,12.0,49.0,0.03,0.01,0.89,0.01,0.108,1.7,0.079968,1.8,2.72,113.0,7.0,10.0,10.0,8.0,35.0,1.0,3.0,3.0,1.007,11.9,42.0,1.3,1.3,1.0,6.5,0.6,29.0,22.0,26.0,0.0,0.0,0.0,False,0.0,35.0,5.0,45.0,3.0,1.4,1.4,1.4,60.0,60.0,60.0,120.0,120.0,120.0,2.0,False,False,False,False,1.3,0.7,35.0,1.3,2.4,0.8,0.93,kazuya,81,88.0,tekken,True,v13.0.1
82_sora,82_sora,,Sora,82,sora,89.0,True,89.0,Sora,82,kingdom-hearts,sora,v13.0.1,trail,82sora,0.82,0.12,0.04,0.086,1.78,0.06,0.04,1.58,3.0,16.5,30.0,17.2,40.0,0.086,0.01,0.96,0.012,0.064,1.44,0.07056,1.8,2.304,85.0,9.0,12.0,11.0,10.0,28.0,1.0,3.0,5.0,0.96,11.6,42.4,1.3,1.0,0.6,6.1,0.6,35.0,38.0,36.0,44.0,40.0,0.0,False,0.0,35.0,5.0,45.0,3.0,1.4,1.4,1.4,60.0,60.0,60.0,120.0,120.0,120.0,2.0,True,False,False,False,1.3,0.7,38.0,1.3,2.5,0.8,0.94,sora,82,89.0,kingdom-hearts,True,v13.0.1
