character_id,internal_id,move_index,throw_index,move_name,absorbable,angle,bkb,bone,clang_rebound,collisionpart,color,damage,direct_hitbox,disablehitlag,effect,facingrestrict,fkb,flinchless,frames,friendlyfire,ground_or_air,hitbits,hitlag,id,kbg,kind,notes,part,reflectable,rehit,sdi,setweight,sfxlevel,sfxtype,shielddamage,size,trip,type,unk,x,y,z
01_mario,1,24,0,Forward Throw,,45,60,,,,,8.0,,,collision_attr_normal,attack_lr_check_f,0,,[13],,,,0.0,0,65,fighter_attack_absolute_kind_throw,,,,,,,attack_sound_level_s,collision_sound_attr_none,,,,attack_region_throw,true,,,
01_mario,1,25,0,Back Throw,,45,70,,,,,11.0,,,collision_attr_normal,attack_lr_check_f,0,,[44],,,,0.0,0,66,fighter_attack_absolute_kind_throw,,,,,,,attack_sound_level_s,collision_sound_attr_none,,,,attack_region_throw,true,,,
01_mario,1,26,0,Up Throw,,90,70,,,,,7.0,,,collision_attr_normal,attack_lr_check_f,0,,[18],,,,0.0,0,72,fighter_attack_absolute_kind_throw,,,,,,,attack_sound_level_s,collision_sound_attr_none,,,,attack_region_throw,true,,,
01_mario,1,27,0,Down Throw,,68,40,,,,,5.0,,,collision_attr_normal,attack_lr_check_f,0,,[18],,,,0.0,0,90,fighter_attack_absolute_kind_throw,,,,,,,attack_sound_level_s,collision_sound_attr_none,,,,attack_region_throw,true,,,
02_donkey-kong,2,20,0,Back Throw,,40,60,,,,,11.0,,,collision_attr_normal,attack_lr_check_f,0,,[15],,,,0.0,0,65,fighter_attack_absolute_kind_throw,,,,,,,attack_sound_level_s,collision_sound_attr_none,,,,attack_region_throw,true,,,
02_donkey-kong,2,21,0,Up Throw,,90,70,,,,,9.0,,,collision_attr_normal,attack_lr_check_f,0,,[14],,,,0.0,0,50,fighter_attack_absolute_kind_throw,,,,,,,attack_sound_level_s,collision_sound_attr_none,,,,attack_region_throw,true,,,
02_donkey-kong,2,22,0,Down Throw,,361,60,,,,,7.0,,,collision_attr_normal,attack_lr_check_f,0,,[19],,,,0.0,0,50,fighter_attack_absolute_kind_throw,,,,,,,attack_sound_level_s,collision_sound_attr_none,,,,attack_region_throw,true,,,
02_donkey-kong,2,24,0,Cargo Forward Throw,,60,90,,,,,12.0,,,collision_attr_normal,attack_lr_check_f,0,,[15],,,,0.0,0,46,fighter_attack_absolute_kind_throw,,,,,,,attack_sound_level_s,collision_sound_attr_none,,,,attack_region_throw,true,,,
02_donkey-kong,2,25,0,Cargo Back Throw,,72,85,,,,,13.0,,,collision_attr_normal,attack_lr_check_f,0,,[16],,,,0.0,0,52,fighter_attack_absolute_kind_throw,,,,,,,attack_sound_level_s,collision_sound_attr_none,,,,attack_region_throw,true,,,
02_donkey-kong,2,26,0,Cargo Up Throw,,92,65,,,,,12.0,,,collision_attr_normal,attack_lr_check_f,0,,[15],,,,0.0,0,53,fighter_attack_absolute_kind_throw,,,,,,,attack_sound_level_s,collision_sound_attr_none,,,,attack_region_throw,true,,,
02_donkey-kong,2,27,0,Cargo Down Throw,,46,70,,,,,11.0,,,collision_attr_normal,attack_lr_check_f,0,,[17],,,,0.0,0,45,fighter_attack_absolute_kind_throw,,,,,,,attack_sound_level_s,collision_sound_attr_none,,,,attack_region_throw,true,,,
03_link,3,19,0,Forward Throw,,33,75,,,,,2.5,,,collision_attr_normal,attack_lr_check_f,0,,[13],,,,0.0,0,85,fighter_attack_absolute_kind_throw,,,,,,,attack_sound_level_s,collision_sound_attr_none,,,,attack_region_throw,true,,,
03_link,3,20,0,Back Throw,,130,67,,,,,2.5,,,collision_attr_normal,attack_lr_check_f,0,,[14],,,,0.0,0,110,fighter_attack_absolute_kind_throw,,,,,,,attack_sound_level_s,collision_sound_attr_none,,,,attack_region_throw,true,,,
03_link,3,21,0,Up Throw,,90,24,,,,,2.0,,,collision_attr_normal,attack_lr_check_f,0,,[28],,,,0.0,0,230,fighter_attack_absolute_kind_throw,,,,,,,attack_sound_level_s,collision_sound_attr_none,,,,attack_region_throw,true,,,
03_link,3,22,0,Down Throw,,83,60,,,,,3.0,,,collision_attr_normal,attack_lr_check_f,0,,[24],,,,0.0,0,125,fighter_attack_absolute_kind_throw,,,,,,,attack_sound_level_s,collision_sound_attr_none,,,,attack_region_throw,true,,,
04e_dark-samus,5,23,0,Forward Throw,,42,60,,,,,10.0,,,collision_attr_elec_whip,attack_lr_check_f,0,,[16],,,,0.0,0,55,fighter_attack_absolute_kind_throw,,,,,,,attack_sound_level_s,collision_sound_attr_none,,,,attack_region_throw,true,,,
04e_dark-samus,5,24,0,Back Throw,,40,60,,,,,10.0,,,collision_attr_elec_whip,attack_lr_check_f,0,,[12],,,,0.0,0,55,fighter_attack_absolute_kind_throw,,,,,,,attack_sound_level_s,collision_sound_attr_none,,,,attack_region_throw,true,,,
04e_dark-samus,5,25,0,Up Throw,,90,80,,,,,7.0,,,collision_attr_normal,attack_lr_check_f,0,,[16],,,,0.0,0,80,fighter_attack_absolute_kind_throw,,,,,,,attack_sound_level_s,collision_sound_attr_none,,,,attack_region_throw,true,,,
04e_dark-samus,5,26,0,Down Throw,,74,60,,,,,8.0,,,collision_attr_elec_whip,attack_lr_check_f,0,,[21],,,,0.0,0,75,fighter_attack_absolute_kind_throw,,,,,,,attack_sound_level_s,collision_sound_attr_none,,,,attack_region_throw,true,,,
04_samus,4,23,0,Forward Throw,,42,60,,,,,10.0,,,collision_attr_elec_whip,attack_lr_check_f,0,,[16],,,,0.0,0,55,fighter_attack_absolute_kind_throw,,,,,,,attack_sound_level_s,collision_sound_attr_none,,,,attack_region_throw,true,,,
04_samus,4,24,0,Back Throw,,40,60,,,,,10.0,,,collision_attr_elec_whip,attack_lr_check_f,0,,[12],,,,0.0,0,55,fighter_attack_absolute_kind_throw,,,,,,,attack_sound_level_s,collision_sound_attr_none,,,,attack_region_throw,true,,,
04_samus,4,25,0,Up Throw,,90,80,,,,,7.0,,,collision_attr_normal,attack_lr_check_f,0,,[16],,,,0.0,0,80,fighter_attack_absolute_kind_throw,,,,,,,attack_sound_level_s,collision_sound_attr_none,,,,attack_region_throw,true,,,
04_samus,4,26,0,Down Throw,,74,60,,,,,8.0,,,collision_attr_elec_whip,attack_lr_check_f,0,,[21],,,,0.0,0,75,fighter_attack_absolute_kind_throw,,,,,,,attack_sound_level_s,collision_sound_attr_none,,,,attack_region_throw,true,,,
05_yoshi,6,23,0,Forward Throw,,45,55,,,,,9.0,,,collision_attr_normal,attack_lr_check_f,0,,[15],,,,0.0,0,66,fighter_attack_absolute_kind_throw,,,,,,,attack_sound_level_s,collision_sound_attr_none,,,,attack_region_throw,true,,,
05_yoshi,6,24,0,Back Throw,,45,55,,,,,9.0,,,collision_attr_normal,attack_lr_check_f,0,,[20],,,,0.0,0,66,fighter_attack_absolute_kind_throw,,,,,,,attack_sound_level_s,collision_sound_attr_none,,,,attack_region_throw,true,,,
05_yoshi,6,25,0,Up Throw,,90,65,,,,,5.0,,,collision_attr_normal,attack_lr_check_f,0,,[13],,,,0.0,0,90,fighter_attack_absolute_kind_throw,,,,,,,attack_sound_level_s,collision_sound_attr_none,,,,attack_region_throw,true,,,
05_yoshi,6,26,0,Down Throw,,80,100,,,,,4.0,,,collision_attr_normal,attack_lr_check_f,0,,[18],,,,0.0,0,25,fighter_attack_absolute_kind_throw,,,,,,,attack_sound_level_s,collision_sound_attr_none,,,,attack_region_throw,true,,,
06_kirby,7,25,0,Forward Throw,,75,40,,,,,5.0,,,collision_attr_normal,attack_lr_check_f,0,,[45],,,,0.0,0,125,fighter_attack_absolute_kind_throw,,,,,,,attack_sound_level_s,collision_sound_attr_none,,,,attack_region_throw,true,,,
06_kirby,7,26,0,Back Throw,,130,30,,,,,8.0,,,collision_attr_normal,attack_lr_check_f,0,,[41],,,,0.0,0,120,fighter_attack_absolute_kind_throw,,,,,,,attack_sound_level_s,collision_sound_attr_none,,,,attack_region_throw,true,,,
06_kirby,7,27,0,Up Throw,,78,75,,,,,10.0,,,collision_attr_normal,attack_lr_check_f,0,,[51],,,,0.0,0,74,fighter_attack_absolute_kind_throw,,,,,,,attack_sound_level_s,collision_sound_attr_none,,,,attack_region_throw,true,,,
06_kirby,7,28,0,Down Throw,,63,60,,,,,2.0,,,collision_attr_normal,attack_lr_check_f,0,,[58],,,,0.0,0,180,fighter_attack_absolute_kind_throw,,,,,,,attack_sound_level_s,collision_sound_attr_none,,,,attack_region_throw,true,,,
07_fox,8,24,0,Forward Throw,,40,35,,,,,3.0,,,collision_attr_normal,attack_lr_check_f,0,,[11],,,,0.0,0,130,fighter_attack_absolute_kind_throw,,,,,,,attack_sound_level_s,collision_sound_attr_none,,,,attack_region_throw,true,,,
07_fox,8,25,0,Back Throw,,56,80,,,,,2.0,,,collision_attr_normal,attack_lr_check_f,0,,[10],,,,0.0,0,85,fighter_attack_absolute_kind_throw,,,,,,,attack_sound_level_s,collision_sound_attr_none,,,,attack_region_throw,true,,,
07_fox,8,26,0,Up Throw,,90,75,,,,,2.0,,,collision_attr_normal,attack_lr_check_f,0,,[7],,,,0.0,0,110,fighter_attack_absolute_kind_throw,,,,,,,attack_sound_level_s,collision_sound_attr_none,,,,attack_region_throw,true,,,
07_fox,8,27,0,Down Throw,,60,85,,,,,1.0,,,collision_attr_normal,attack_lr_check_f,0,,[34],,,,0.0,0,100,fighter_attack_absolute_kind_throw,,,,,,,attack_sound_level_s,collision_sound_attr_none,,,,attack_region_throw,true,,,
08_pikachu,9,21,0,Forward Throw,,45,55,,,,,2.0,,,collision_attr_normal,attack_lr_check_f,0,,[30],,,,0.0,0,110,fighter_attack_absolute_kind_throw,,,,,,,attack_sound_level_s,collision_sound_attr_none,,,,attack_region_throw,true,,,
08_pikachu,9,22,0,Back Throw,,135,85,,,,,9.0,,,collision_attr_normal,attack_lr_check_f,0,,[26],,,,0.0,0,50,fighter_attack_absolute_kind_throw,,,,,,,attack_sound_level_s,collision_sound_attr_none,,,,attack_region_throw,true,,,
08_pikachu,9,23,0,Up Throw,,90,48,,,,,5.0,,,collision_attr_normal,attack_lr_check_f,0,,[16],,,,0.0,0,129,fighter_attack_absolute_kind_throw,,,,,,,attack_sound_level_s,collision_sound_attr_none,,,,attack_region_throw,true,,,
08_pikachu,9,24,0,Down Throw,,83,60,,,,,5.0,,,collision_attr_normal,attack_lr_check_f,0,,[21],,,,1.0,0,100,fighter_attack_absolute_kind_throw,,,,,,,attack_sound_level_s,collision_sound_attr_none,,,,attack_region_throw,true,,,
09_luigi,10,24,0,Forward Throw,,45,60,,,,,9.0,,,collision_attr_normal,attack_lr_check_f,0,,[15],,,,0.0,0,65,fighter_attack_absolute_kind_throw,,,,,,,attack_sound_level_s,collision_sound_attr_none,,,,attack_region_throw,true,,,
09_luigi,10,25,0,Back Throw,,45,80,,,,,10.0,,,collision_attr_normal,attack_lr_check_f,0,,[15],,,,0.0,0,65,fighter_attack_absolute_kind_throw,,,,,,,attack_sound_level_s,collision_sound_attr_none,,,,attack_region_throw,true,,,
09_luigi,10,26,0,Up Throw,,90,70,,,,,8.0,,,collision_attr_normal,attack_lr_check_f,0,,[18],,,,0.0,0,72,fighter_attack_absolute_kind_throw,,,,,,,attack_sound_level_s,collision_sound_attr_none,,,,attack_region_throw,true,,,
09_luigi,10,27,0,Down Throw,,80,45,,,,,3.0,,,collision_attr_normal,attack_lr_check_f,0,,[29],,,,0.0,0,135,fighter_attack_absolute_kind_throw,,,,,,,attack_sound_level_s,collision_sound_attr_none,,,,attack_region_throw,true,,,
10_ness,11,23,0,Forward Throw,,45,120,,,,,11.0,,,collision_attr_normal,attack_lr_check_f,0,,[27],,,,0.0,0,10,fighter_attack_absolute_kind_throw,,,,,,,attack_sound_level_s,collision_sound_attr_none,,,,attack_region_throw,true,,,
10_ness,11,24,0,Back Throw,,135,15,,,,,11.0,,,collision_attr_normal,attack_lr_check_f,0,,[27],,,,0.0,0,130,fighter_attack_absolute_kind_throw,,,,,,,attack_sound_level_s,collision_sound_attr_none,,,,attack_region_throw,true,,,
10_ness,11,25,0,Up Throw,,90,105,,,,,12.0,,,collision_attr_normal,attack_lr_check_f,0,,[36],,,,0.0,0,40,fighter_attack_absolute_kind_throw,,,,,,,attack_sound_level_s,collision_sound_attr_none,,,,attack_region_throw,true,,,
10_ness,11,26,0,Down Throw,,70,70,,,,,4.0,,,collision_attr_normal,attack_lr_check_f,0,,[27],,,,0.0,0,80,fighter_attack_absolute_kind_throw,,,,,,,attack_sound_level_s,collision_sound_attr_none,,,,attack_region_throw,true,,,
11_captain-falcon,12,25,0,Forward Throw,,45,55,,,,,4.0,,,collision_attr_normal,attack_lr_check_f,0,,[13],,,,0.0,0,120,fighter_attack_absolute_kind_throw,,,,,,,attack_sound_level_s,collision_sound_attr_none,,,,attack_region_throw,true,,,
11_captain-falcon,12,26,0,Back Throw,,135,60,,,,,4.0,,,collision_attr_normal,attack_lr_check_f,0,,[13],,,,0.0,0,130,fighter_attack_absolute_kind_throw,,,,,,,attack_sound_level_s,collision_sound_attr_none,,,,attack_region_throw,true,,,
11_captain-falcon,12,27,0,Up Throw,,84,68,,,,,5.0,,,collision_attr_normal,attack_lr_check_f,0,,[14],,,,0.0,0,100,fighter_attack_absolute_kind_throw,,,,,,,attack_sound_level_s,collision_sound_attr_none,,,,attack_region_throw,true,,,
11_captain-falcon,12,28,0,Down Throw,,68,65,,,,,6.0,,,collision_attr_normal,attack_lr_check_f,0,,[21],,,,0.0,0,70,fighter_attack_absolute_kind_throw,,,,,,,attack_sound_level_s,collision_sound_attr_none,,,,attack_region_throw,true,,,
11_captain-falcon,12,39,0,Falcon Dive (Catch),,0,100,,,,,8.0,,,collision_attr_normal,attack_lr_check_f,0,,[17],,,,0.0,0,10,fighter_attack_absolute_kind_catch,,,,,,,attack_sound_level_s,collision_sound_attr_kick,,,,attack_region_throw,true,,,
12_jigglypuff,13,20,0,Forward Throw,,35,103,,,,,5.0,,,collision_attr_normal,attack_lr_check_f,0,,[12],,,,0.0,0,30,fighter_attack_absolute_kind_throw,,,,,,,attack_sound_level_s,collision_sound_attr_none,,,,attack_region_throw,true,,,
12_jigglypuff,13,21,0,Back Throw,,135,90,,,,,10.0,,,collision_attr_normal,attack_lr_check_f,0,,[26],,,,0.0,0,25,fighter_attack_absolute_kind_throw,,,,,,,attack_sound_level_s,collision_sound_attr_none,,,,attack_region_throw,true,,,
12_jigglypuff,13,22,0,Up Throw,,90,130,,,,,8.0,,,collision_attr_normal,attack_lr_check_f,0,,[9],,,,0.0,0,30,fighter_attack_absolute_kind_throw,,,,,,,attack_sound_level_s,collision_sound_attr_kick,,,,attack_region_throw,true,,,
12_jigglypuff,13,23,0,Down Throw,,75,90,,,,,6.0,,,collision_attr_normal,attack_lr_check_f,0,,[62],,,,0.0,0,45,fighter_attack_absolute_kind_throw,,,,,,,attack_sound_level_s,collision_sound_attr_none,,,,attack_region_throw,true,,,
13e_daisy,15,20,0,Forward Throw,,45,48,,,,,8.0,,,collision_attr_normal,attack_lr_check_f,0,,[16],,,,0.0,0,83,fighter_attack_absolute_kind_throw,,,,,,,attack_sound_level_s,collision_sound_attr_none,,,,attack_region_throw,true,,,
13e_daisy,15,21,0,Back Throw,,140,35,,,,,9.0,,,collision_attr_normal,attack_lr_check_f,0,,[22],,,,0.0,0,88,fighter_attack_absolute_kind_throw,,,,,,,attack_sound_level_s,collision_sound_attr_none,,,,attack_region_throw,true,,,
13e_daisy,15,22,0,Up Throw,,88,72,,,,,6.0,,,collision_attr_normal,attack_lr_check_f,0,,[26],,,,0.0,0,80,fighter_attack_absolute_kind_throw,,,,,,,attack_sound_level_s,collision_sound_attr_none,,,,attack_region_throw,true,,,
13e_daisy,15,23,0,Down Throw,,106,60,,,,,7.0,,,collision_attr_normal,attack_lr_check_f,0,,[43],,,,0.0,0,60,fighter_attack_absolute_kind_throw,,,,,,,attack_sound_level_s,collision_sound_attr_none,,,,attack_region_throw,true,,,
13_peach,14,20,0,Forward Throw,,45,48,,,,,8.0,,,collision_attr_normal,attack_lr_check_f,0,,[16],,,,0.0,0,83,fighter_attack_absolute_kind_throw,,,,,,,attack_sound_level_s,collision_sound_attr_none,,,,attack_region_throw,true,,,
13_peach,14,21,0,Back Throw,,140,35,,,,,9.0,,,collision_attr_normal,attack_lr_check_f,0,,[22],,,,0.0,0,88,fighter_attack_absolute_kind_throw,,,,,,,attack_sound_level_s,collision_sound_attr_none,,,,attack_region_throw,true,,,
13_peach,14,22,0,Up Throw,,88,72,,,,,6.0,,,collision_attr_normal,attack_lr_check_f,0,,[26],,,,0.0,0,80,fighter_attack_absolute_kind_throw,,,,,,,attack_sound_level_s,collision_sound_attr_none,,,,attack_region_throw,true,,,
13_peach,14,23,0,Down Throw,,106,60,,,,,7.0,,,collision_attr_normal,attack_lr_check_f,0,,[43],,,,0.0,0,60,fighter_attack_absolute_kind_throw,,,,,,,attack_sound_level_s,collision_sound_attr_none,,,,attack_region_throw,true,,,
14_bowser,16,21,0,Forward Throw,,45,60,,,,,12.0,,,collision_attr_normal,attack_lr_check_f,0,,[36],,,,0.0,0,66,fighter_attack_absolute_kind_throw,,,,,,,attack_sound_level_s,collision_sound_attr_none,,,,attack_region_throw,true,,,
14_bowser,16,22,0,Back Throw,,45,60,,,,,12.0,,,collision_attr_normal,attack_lr_check_f,0,,[19],,,,0.0,0,66,fighter_attack_absolute_kind_throw,,,,,,,attack_sound_level_s,collision_sound_attr_none,,,,attack_region_throw,true,,,
14_bowser,16,23,0,Up Throw,,82,25,,,,,2.0,,,collision_attr_normal,attack_lr_check_f,0,,[57],,,,0.0,0,180,fighter_attack_absolute_kind_throw,,,,,,,attack_sound_level_s,collision_sound_attr_none,,,,attack_region_throw,true,,,
14_bowser,16,24,0,Down Throw,,50,90,,,,,4.0,,,collision_attr_normal,attack_lr_check_f,0,,[37],,,,0.0,0,80,fighter_attack_absolute_kind_throw,,,,,,,attack_sound_level_s,collision_sound_attr_none,,,,attack_region_throw,true,,,
15_ice-climbers,17,36,0,Forward Throw,,45,70,,,,,5.0,,,collision_attr_normal,attack_lr_check_f,0,,[25],,,,0.0,0,60,fighter_attack_absolute_kind_throw,,,,,,,attack_sound_level_s,collision_sound_attr_none,,,,attack_region_throw,true,,,
15_ice-climbers,17,37,0,Back Throw,,60,80,,,,,6.0,,,collision_attr_normal,attack_lr_check_f,0,,[18],,,,0.0,0,30,fighter_attack_absolute_kind_throw,,,,,,,attack_sound_level_s,collision_sound_attr_none,,,,attack_region_throw,true,,,
15_ice-climbers,17,38,0,Up Throw,,88,120,,,,,5.0,,,collision_attr_normal,attack_lr_check_f,0,,[27],,,,0.0,0,26,fighter_attack_absolute_kind_throw,,,,,,,attack_sound_level_s,collision_sound_attr_none,,,,attack_region_throw,true,,,
15_ice-climbers,17,39,0,Down Throw,,80,30,,,,,6.0,,,collision_attr_normal,attack_lr_check_f,0,,[37],,,,0.0,0,116,fighter_attack_absolute_kind_throw,,,,,,,attack_sound_level_s,collision_sound_attr_none,,,,attack_region_throw,true,,,
16_sheik,18,21,0,Forward Throw,,72,80,,,,,2.0,,,collision_attr_normal,attack_lr_check_f,0,,[22],,,,0.0,0,79,fighter_attack_absolute_kind_throw,,,,,,,attack_sound_level_s,collision_sound_attr_none,,,,attack_region_throw,true,,,
16_sheik,18,22,0,Back Throw,,120,90,,,,,2.0,,,collision_attr_normal,attack_lr_check_f,0,,[17],,,,0.0,0,50,fighter_attack_absolute_kind_throw,,,,,,,attack_sound_level_s,collision_sound_attr_none,,,,attack_region_throw,true,,,
16_sheik,18,23,0,Up Throw,,85,110,,,,,3.0,,,collision_attr_normal,attack_lr_check_f,0,,[21],,,,0.0,0,62,fighter_attack_absolute_kind_throw,,,,,,,attack_sound_level_s,collision_sound_attr_none,,,,attack_region_throw,true,,,
16_sheik,18,24,0,Down Throw,,77,95,,,,,3.0,,,collision_attr_normal,attack_lr_check_f,0,,[30],,,,0.0,0,60,fighter_attack_absolute_kind_throw,,,,,,,attack_sound_level_s,collision_sound_attr_none,,,,attack_region_throw,true,,,
17_zelda,19,21,0,Forward Throw,,42,100,,,,,10.0,,,collision_attr_normal,attack_lr_check_f,0,,[30],,,,0.0,0,30,fighter_attack_absolute_kind_throw,,,,,,,attack_sound_level_s,collision_sound_attr_none,,,,attack_region_throw,true,,,
17_zelda,19,22,0,Back Throw,,45,40,,,,,12.0,,,collision_attr_normal,attack_lr_check_f,0,,[27],,,,0.0,0,90,fighter_attack_absolute_kind_throw,,,,,,,attack_sound_level_s,collision_sound_attr_none,,,,attack_region_throw,true,,,
17_zelda,19,23,0,Up Throw,,87,50,,,,,11.0,,,collision_attr_normal,attack_lr_check_f,0,,[30],,,,0.0,0,82,fighter_attack_absolute_kind_throw,,,,,,,attack_sound_level_s,collision_sound_attr_none,,,,attack_region_throw,true,,,
17_zelda,19,24,0,Down Throw,,104,75,,,,,2.0,,,collision_attr_normal,attack_lr_check_f,0,,[50],,,,0.0,0,85,fighter_attack_absolute_kind_throw,,,,,,,attack_sound_level_s,collision_sound_attr_none,,,,attack_region_throw,true,,,
18_dr-mario,,23,0,Forward Throw,,45,60,,,,,8.0,,,collision_attr_normal,attack_lr_check_f,0,,[13],,,,0.0,0,60,fighter_attack_absolute_kind_throw,,,,,,,attack_sound_level_s,collision_sound_attr_none,,,,attack_region_throw,true,,,
18_dr-mario,,24,0,Back Throw,,45,70,,,,,11.0,,,collision_attr_normal,attack_lr_check_f,0,,[30],,,,0.0,0,68,fighter_attack_absolute_kind_throw,,,,,,,attack_sound_level_s,collision_sound_attr_none,,,,attack_region_throw,true,,,
18_dr-mario,,25,0,Up Throw,,90,70,,,,,7.0,,,collision_attr_normal,attack_lr_check_f,0,,[18],,,,0.0,0,65,fighter_attack_absolute_kind_throw,,,,,,,attack_sound_level_s,collision_sound_attr_none,,,,attack_region_throw,true,,,
18_dr-mario,,26,0,Down Throw,,80,75,,,,,5.0,,,collision_attr_normal,attack_lr_check_f,0,,[18],,,,0.0,0,45,fighter_attack_absolute_kind_throw,,,,,,,attack_sound_level_s,collision_sound_attr_none,,,,attack_region_throw,true,,,
19_pichu,21,18,0,Forward Throw,,45,45,,,,,6.0,,,collision_attr_normal,attack_lr_check_f,0,,[27],,,,0.0,0,110,fighter_attack_absolute_kind_throw,,,,,,,attack_sound_level_s,collision_sound_attr_none,,,,attack_region_throw,true,,,
19_pichu,21,19,0,Back Throw,,135,75,,,,,9.0,,,collision_attr_normal,attack_lr_check_f,0,,[26],,,,0.0,0,50,fighter_attack_absolute_kind_throw,,,,,,,attack_sound_level_s,collision_sound_attr_none,,,,attack_region_throw,true,,,
19_pichu,21,20,0,Up Throw,,90,90,,,,,5.0,,,collision_attr_normal,attack_lr_check_f,0,,[15],,,,0.0,0,45,fighter_attack_absolute_kind_throw,,,,,,,attack_sound_level_s,collision_sound_attr_none,,,,attack_region_throw,true,,,
19_pichu,21,21,0,Down Throw,,80,60,,,,,4.0,,,collision_attr_normal,attack_lr_check_f,0,,[19],,,,0.0,0,100,fighter_attack_absolute_kind_throw,,,,,,,attack_sound_level_s,collision_sound_attr_none,,,,attack_region_throw,true,,,
20_falco,22,23,0,Forward Throw,,45,35,,,,,3.0,,,collision_attr_normal,attack_lr_check_f,0,,[12],,,,0.0,0,135,fighter_attack_absolute_kind_throw,,,,,,,attack_sound_level_s,collision_sound_attr_none,,,,attack_region_throw,true,,,
20_falco,22,24,0,Back Throw,,35,70,,,,,6.0,,,collision_attr_normal,attack_lr_check_f,0,,[9],,,,0.0,0,50,fighter_attack_absolute_kind_throw,,,,,,,attack_sound_level_s,collision_sound_attr_none,,,,attack_region_throw,true,,,
20_falco,22,25,0,Up Throw,,94,60,,,,,4.0,,,collision_attr_normal,attack_lr_check_f,0,,[7],,,,0.0,0,100,fighter_attack_absolute_kind_throw,,,,,,,attack_sound_level_s,collision_sound_attr_none,,,,attack_region_throw,true,,,
20_falco,22,26,0,Down Throw,,50,60,,,,,3.0,,,collision_attr_normal,attack_lr_check_f,0,,[33],,,,0.0,0,110,fighter_attack_absolute_kind_throw,,,,,,,attack_sound_level_s,collision_sound_attr_none,,,,attack_region_throw,true,,,
21e_lucina,24,18,0,Forward Throw,,50,100,,,,,4.0,,,collision_attr_normal,attack_lr_check_f,0,,[15],,,,0.0,0,50,fighter_attack_absolute_kind_throw,,,,,,,attack_sound_level_s,collision_sound_attr_none,,,,attack_region_throw,true,,,
21e_lucina,24,19,0,Back Throw,,140,80,,,,,4.0,,,collision_attr_normal,attack_lr_check_f,0,,[16],,,,0.0,0,60,fighter_attack_absolute_kind_throw,,,,,,,attack_sound_level_s,collision_sound_attr_none,,,,attack_region_throw,true,,,
21e_lucina,24,20,0,Up Throw,,93,70,,,,,5.0,,,collision_attr_normal,attack_lr_check_f,0,,[13],,,,0.0,0,102,fighter_attack_absolute_kind_throw,,,,,,,attack_sound_level_s,collision_sound_attr_none,,,,attack_region_throw,true,,,
21e_lucina,24,21,0,Down Throw,,100,95,,,,,4.0,,,collision_attr_normal,attack_lr_check_f,0,,[16],,,,0.0,0,57,fighter_attack_absolute_kind_throw,,,,,,,attack_sound_level_s,collision_sound_attr_none,,,,attack_region_throw,true,,,
21_marth,23,18,0,Forward Throw,,50,100,,,,,4.0,,,collision_attr_normal,attack_lr_check_f,0,,[15],,,,0.0,0,50,fighter_attack_absolute_kind_throw,,,,,,,attack_sound_level_s,collision_sound_attr_none,,,,attack_region_throw,true,,,
21_marth,23,19,0,Back Throw,,140,80,,,,,4.0,,,collision_attr_normal,attack_lr_check_f,0,,[16],,,,0.0,0,60,fighter_attack_absolute_kind_throw,,,,,,,attack_sound_level_s,collision_sound_attr_none,,,,attack_region_throw,true,,,
21_marth,23,20,0,Up Throw,,93,70,,,,,5.0,,,collision_attr_normal,attack_lr_check_f,0,,[13],,,,0.0,0,102,fighter_attack_absolute_kind_throw,,,,,,,attack_sound_level_s,collision_sound_attr_none,,,,attack_region_throw,true,,,
21_marth,23,21,0,Down Throw,,100,95,,,,,4.0,,,collision_attr_normal,attack_lr_check_f,0,,[16],,,,0.0,0,57,fighter_attack_absolute_kind_throw,,,,,,,attack_sound_level_s,collision_sound_attr_none,,,,attack_region_throw,true,,,
22_young-link,25,23,0,Forward Throw,,52,48,,,,,3.0,,,collision_attr_normal,attack_lr_check_f,0,,[13],,,,0.0,0,184,fighter_attack_absolute_kind_throw,,,,,,,attack_sound_level_s,collision_sound_attr_none,,,,attack_region_throw,true,,,
22_young-link,25,24,0,Back Throw,,130,45,,,,,3.0,,,collision_attr_normal,attack_lr_check_f,0,,[13],,,,0.0,0,140,fighter_attack_absolute_kind_throw,,,,,,,attack_sound_level_s,collision_sound_attr_none,,,,attack_region_throw,true,,,
22_young-link,25,25,0,Up Throw,,90,30,,,,,2.0,,,collision_attr_normal,attack_lr_check_f,0,,[29],,,,0.0,0,210,fighter_attack_absolute_kind_throw,,,,,,,attack_sound_level_s,collision_sound_attr_none,,,,attack_region_throw,true,,,
22_young-link,25,26,0,Down Throw,,86,70,,,,,3.0,,,collision_attr_normal,attack_lr_check_f,0,,[28],,,,0.0,0,115,fighter_attack_absolute_kind_throw,,,,,,,attack_sound_level_s,collision_sound_attr_none,,,,attack_region_throw,true,,,
23_ganondorf,26,17,0,Forward Throw,,43,68,,,,,8.0,,,collision_attr_normal,attack_lr_check_f,0,,[13],,,,0.0,0,70,fighter_attack_absolute_kind_throw,,,,,,,attack_sound_level_s,collision_sound_attr_none,,,,attack_region_throw,true,,,
23_ganondorf,26,18,0,Back Throw,,43,30,,,,,5.0,,,collision_attr_normal,attack_lr_check_f,0,,[14],,,,0.0,0,130,fighter_attack_absolute_kind_throw,,,,,,,attack_sound_level_s,collision_sound_attr_none,,,,attack_region_throw,true,,,
23_ganondorf,26,19,0,Up Throw,,90,70,,,,,3.0,,,collision_attr_normal,attack_lr_check_f,0,,[13],,,,0.0,0,105,fighter_attack_absolute_kind_throw,,,,,,,attack_sound_level_s,collision_sound_attr_none,,,,attack_region_throw,true,,,
23_ganondorf,26,20,0,Down Throw,,65,70,,,,,7.0,,,collision_attr_normal,attack_lr_check_f,0,,[23],,,,0.0,0,50,fighter_attack_absolute_kind_throw,,,,,,,attack_sound_level_s,collision_sound_attr_none,,,,attack_region_throw,true,,,
23_ganondorf,26,27,0,Flame Choke,,361,60,,,,,12.0,,,collision_attr_purple,attack_lr_check_f,0,,[31],,,,0.0,0,90,fighter_attack_absolute_kind_throw,,,,,,,attack_sound_level_l,collision_sound_attr_bomb,,,,attack_region_none,true,,,
23_ganondorf,26,29,0,Dark Dive (Grab Success),,0,100,,,,,8.0,,,collision_attr_normal,attack_lr_check_f,0,,[17],,,,0.0,0,10,fighter_attack_absolute_kind_catch,,,,,,,attack_sound_level_s,collision_sound_attr_kick,,,,attack_region_throw,false,,,
24_mewtwo,27,23,0,Forward Throw,,63,0,,,,,3.0,,,collision_attr_normal,attack_lr_check_f,35,,[19],,,,0.0,0,100,fighter_attack_absolute_kind_throw,,,,,,,attack_sound_level_s,collision_sound_attr_none,,,,attack_region_throw,true,,,
24_mewtwo,27,24,0,Back Throw,,47,70,,,,,11.0,,,collision_attr_normal,attack_lr_check_b,0,,[30],,,,0.0,0,79,fighter_attack_absolute_kind_throw,,,,,,,attack_sound_level_s,collision_sound_attr_none,,,,attack_region_throw,true,,,
24_mewtwo,27,25,0,Up Throw,,90,72,,,,,12.0,,,collision_attr_normal,attack_lr_check_f,0,,[43],,,,0.0,0,65,fighter_attack_absolute_kind_throw,,,,,,,attack_sound_level_s,collision_sound_attr_none,,,,attack_region_throw,true,,,
24_mewtwo,27,26,0,Down Throw,,74,65,,,,,5.0,,,collision_attr_normal,attack_lr_check_f,0,,[18],,,,0.0,0,50,fighter_attack_absolute_kind_throw,,,,,,,attack_sound_level_s,collision_sound_attr_none,,,,attack_region_throw,true,,,
24_mewtwo,27,28,0,Confusion,,280,50,,,,,1.15,,,collision_attr_normal,attack_lr_check_f,0,,[],,,,0.0,0,16,fighter_attack_absolute_kind_throw_mewtwo,Occurs 7 times,,,,,,attack_sound_level_s,collision_sound_attr_none,,,,attack_region_throw,true,,,
25e_chrom,29,17,0,Forward Throw,,45,70,,,,,5.0,,,collision_attr_normal,attack_lr_check_f,0,,[15],,,,0.0,0,45,fighter_attack_absolute_kind_throw,,,,,,,attack_sound_level_s,collision_sound_attr_none,,,,attack_region_throw,true,,,
25e_chrom,29,18,0,Back Throw,,117,70,,,,,5.0,,,collision_attr_normal,attack_lr_check_f,0,,[8],,,,0.0,0,45,fighter_attack_absolute_kind_throw,,,,,,,attack_sound_level_s,collision_sound_attr_none,,,,attack_region_throw,true,,,
25e_chrom,29,19,0,Up Throw,,97,60,,,,,6.0,,,collision_attr_normal,attack_lr_check_f,0,,[13],,,,0.0,0,100,fighter_attack_absolute_kind_throw,,,,,,,attack_sound_level_s,collision_sound_attr_none,,,,attack_region_throw,true,,,
25e_chrom,29,20,0,Down Throw,,80,65,,,,,5.0,,,collision_attr_normal,attack_lr_check_f,0,,[16],,,,0.0,0,90,fighter_attack_absolute_kind_throw,,,,,,,attack_sound_level_s,collision_sound_attr_none,,,,attack_region_throw,true,,,
25_roy,28,17,0,Forward Throw,,45,70,,,,,5.0,,,collision_attr_normal,attack_lr_check_f,0,,[15],,,,0.0,0,45,fighter_attack_absolute_kind_throw,,,,,,,attack_sound_level_s,collision_sound_attr_none,,,,attack_region_throw,true,,,
25_roy,28,18,0,Back Throw,,117,70,,,,,5.0,,,collision_attr_normal,attack_lr_check_f,0,,[8],,,,0.0,0,45,fighter_attack_absolute_kind_throw,,,,,,,attack_sound_level_s,collision_sound_attr_none,,,,attack_region_throw,true,,,
25_roy,28,19,0,Up Throw,,97,60,,,,,6.0,,,collision_attr_normal,attack_lr_check_f,0,,[13],,,,0.0,0,100,fighter_attack_absolute_kind_throw,,,,,,,attack_sound_level_s,collision_sound_attr_none,,,,attack_region_throw,true,,,
25_roy,28,20,0,Down Throw,,80,65,,,,,5.0,,,collision_attr_normal,attack_lr_check_f,0,,[16],,,,0.0,0,90,fighter_attack_absolute_kind_throw,,,,,,,attack_sound_level_s,collision_sound_attr_none,,,,attack_region_throw,true,,,
26_mr-game-watch,,21,0,Forward Throw,,52,100,,,,,8.0,,,collision_attr_normal,attack_lr_check_f,0,,[26],,,,0.0,0,40,fighter_attack_absolute_kind_throw,,,,,,,attack_sound_level_s,collision_sound_attr_none,,,,attack_region_throw,true,,,
26_mr-game-watch,,22,0,Back Throw,,52,100,,,,,8.0,,,collision_attr_normal,attack_lr_check_f,0,,[26],,,,0.0,0,40,fighter_attack_absolute_kind_throw,,,,,,,attack_sound_level_s,collision_sound_attr_none,,,,attack_region_throw,true,,,
26_mr-game-watch,,23,0,Up Throw,,90,100,,,,,12.0,,,collision_attr_normal,attack_lr_check_f,0,,[26],,,,0.0,0,29,fighter_attack_absolute_kind_throw,,,,,,,attack_sound_level_s,collision_sound_attr_none,,,,attack_region_throw,true,,,
26_mr-game-watch,,24,0,Down Throw,,80,70,,,,,4.0,,,collision_attr_normal,attack_lr_check_f,0,,[35],,,,0.0,0,120,fighter_attack_absolute_kind_throw,,,,,,,attack_sound_level_s,collision_sound_attr_none,,,,attack_region_throw,true,,,
27_meta-knight,31,20,0,Forward Throw,,65,50,,,,,3.0,,,collision_attr_normal,attack_lr_check_f,0,,[10],,,,0.0,0,140,fighter_attack_absolute_kind_throw,,,,,,,attack_sound_level_s,collision_sound_attr_none,,,,attack_region_throw,true,,,
27_meta-knight,31,21,0,Back Throw,,45,60,,,,,3.0,,,collision_attr_normal,attack_lr_check_f,0,,[18],,,,0.0,0,140,fighter_attack_absolute_kind_throw,,,,,,,attack_sound_level_s,collision_sound_attr_none,,,,attack_region_throw,true,,,
27_meta-knight,31,22,0,Up Throw,,77,70,,,,,10.0,,,collision_attr_normal,attack_lr_check_f,0,,[46],,,,0.0,0,76,fighter_attack_absolute_kind_throw,,,,,,,attack_sound_level_s,collision_sound_attr_none,,,,attack_region_throw,true,,,
27_meta-knight,31,23,0,Down Throw,,60,50,,,,,2.0,,,collision_attr_normal,attack_lr_check_f,0,,[75],,,,0.0,0,170,fighter_attack_absolute_kind_throw,,,,,,,attack_sound_level_s,collision_sound_attr_none,,,,attack_region_throw,true,,,
28e_dark-pit,33,21,0,Forward Throw,,45,50,,,,,4.0,,,collision_attr_normal,attack_lr_check_f,0,,[14],,,,0.0,0,150,fighter_attack_absolute_kind_throw,,,,,,,attack_sound_level_s,collision_sound_attr_none,,,,attack_region_throw,true,,,
28e_dark-pit,33,22,0,Back Throw,,45,65,,,,,8.0,,,collision_attr_normal,attack_lr_check_f,0,,[29],,,,0.0,0,60,fighter_attack_absolute_kind_throw,,,,,,,attack_sound_level_s,collision_sound_attr_none,,,,attack_region_throw,true,,,
28e_dark-pit,33,23,0,Up Throw,,90,70,,,,,7.0,,,collision_attr_normal,attack_lr_check_f,0,,[15],,,,0.0,0,72,fighter_attack_absolute_kind_throw,,,,,,,attack_sound_level_s,collision_sound_attr_none,,,,attack_region_throw,true,,,
28e_dark-pit,33,24,0,Down Throw,,70,80,,,,,4.0,,,collision_attr_normal,attack_lr_check_f,0,,[16],,,,0.0,0,60,fighter_attack_absolute_kind_throw,,,,,,,attack_sound_level_s,collision_sound_attr_none,,,,attack_region_throw,true,,,
28_pit,32,21,0,Forward Throw,,45,50,,,,,4.0,,,collision_attr_normal,attack_lr_check_f,0,,[14],,,,0.0,0,150,fighter_attack_absolute_kind_throw,,,,,,,attack_sound_level_s,collision_sound_attr_none,,,,attack_region_throw,true,,,
28_pit,32,22,0,Back Throw,,45,65,,,,,8.0,,,collision_attr_normal,attack_lr_check_f,0,,[29],,,,0.0,0,60,fighter_attack_absolute_kind_throw,,,,,,,attack_sound_level_s,collision_sound_attr_none,,,,attack_region_throw,true,,,
28_pit,32,23,0,Up Throw,,90,70,,,,,7.0,,,collision_attr_normal,attack_lr_check_f,0,,[15],,,,0.0,0,72,fighter_attack_absolute_kind_throw,,,,,,,attack_sound_level_s,collision_sound_attr_none,,,,attack_region_throw,true,,,
28_pit,32,24,0,Down Throw,,70,80,,,,,4.0,,,collision_attr_normal,attack_lr_check_f,0,,[16],,,,0.0,0,60,fighter_attack_absolute_kind_throw,,,,,,,attack_sound_level_s,collision_sound_attr_none,,,,attack_region_throw,true,,,
29_zero-suit-samus,34,25,0,Forward Throw,,33,58,,,,,4.0,,,collision_attr_normal,attack_lr_check_f,0,,[9],,,,0.0,0,75,fighter_attack_absolute_kind_throw,,,,,,,attack_sound_level_s,collision_sound_attr_none,,,,attack_region_throw,true,,,
29_zero-suit-samus,34,26,0,Back Throw,,45,72,,,,,6.0,,,collision_attr_normal,attack_lr_check_f,0,,[11],,,,0.0,0,45,fighter_attack_absolute_kind_throw,,,,,,,attack_sound_level_s,collision_sound_attr_none,,,,attack_region_throw,true,,,
29_zero-suit-samus,34,27,0,Up Throw,,73,65,,,,,8.0,,,collision_attr_normal,attack_lr_check_f,0,,[5],,,,0.0,0,93,fighter_attack_absolute_kind_throw,,,,,,,attack_sound_level_s,collision_sound_attr_none,,,,attack_region_throw,true,,,
29_zero-suit-samus,34,28,0,Down Throw,,75,90,,,,,4.0,,,collision_attr_normal,attack_lr_check_f,0,,[22],,,,0.0,0,60,fighter_attack_absolute_kind_throw,,,,,,,attack_sound_level_s,collision_sound_attr_none,,,,attack_region_throw,true,,,
30_wario,35,20,0,Forward Throw,,45,60,,,,,8.0,,,collision_attr_normal,attack_lr_check_f,0,,[21],,,,0.0,0,70,fighter_attack_absolute_kind_throw,,,,,,,attack_sound_level_s,collision_sound_attr_none,,,,attack_region_throw,true,,,
30_wario,35,21,0,Back Throw,,45,80,,,,,7.0,,,collision_attr_normal,attack_lr_check_f,0,,[48],,,,0.0,0,60,fighter_attack_absolute_kind_throw,,,,,,,attack_sound_level_s,collision_sound_attr_none,,,,attack_region_throw,true,,,
30_wario,35,22,0,Up Throw,,89,60,,,,,4.0,,,collision_attr_normal,attack_lr_check_f,0,,[26],,,,0.0,0,105,fighter_attack_absolute_kind_throw,,,,,,,attack_sound_level_s,collision_sound_attr_none,,,,attack_region_throw,true,,,
30_wario,35,23,0,Down Throw,,130,80,,,,,7.0,,,collision_attr_normal,attack_lr_check_f,0,,[30],,,,0.0,0,18,fighter_attack_absolute_kind_throw,,,,,,,attack_sound_level_s,collision_sound_attr_none,,,,attack_region_throw,true,,,
30_wario,35,24,0,Chomp,,45,70,,,,,5.0,,,collision_attr_normal,attack_lr_check_f,0,,[],,,,0.0,0,109,fighter_attack_absolute_kind_throw,,,,,,,attack_sound_level_l,collision_sound_attr_none,,,,attack_region_throw,true,,,
31_snake,36,22,0,Forward Throw,,40,60,,,,,9.0,,,collision_attr_normal,attack_lr_check_f,0,,[21],,,,0.0,0,65,fighter_attack_absolute_kind_throw,,,,,,,attack_sound_level_s,collision_sound_attr_none,,,,attack_region_throw,true,,,
31_snake,36,23,0,Back Throw,,140,65,,,,,9.0,,,collision_attr_normal,attack_lr_check_f,0,,[20],,,,0.0,0,65,fighter_attack_absolute_kind_throw,,,,,,,attack_sound_level_s,collision_sound_attr_none,,,,attack_region_throw,true,,,
31_snake,36,24,0,Up Throw,,90,55,,,,,4.0,,,collision_attr_normal,attack_lr_check_f,0,,[23],,,,0.0,0,130,fighter_attack_absolute_kind_throw,,,,,,,attack_sound_level_s,collision_sound_attr_none,,,,attack_region_throw,true,,,
31_snake,36,25,0,Down Throw,,270,0,,,,,9.0,,,collision_attr_lay,attack_lr_check_b,0,,[35],,,,0.0,0,0,fighter_attack_absolute_kind_throw,,,,,,,attack_sound_level_s,collision_sound_attr_none,,,,attack_region_throw,true,,,
32_ike,37,21,0,Forward Throw,,28,55,,,,,4.0,,,collision_attr_normal,attack_lr_check_f,0,,[8],,,,0.0,0,75,fighter_attack_absolute_kind_throw,,,,,,,attack_sound_level_s,collision_sound_attr_none,,,,attack_region_throw,true,,,
32_ike,37,22,0,Back Throw,,28,55,,,,,4.0,,,collision_attr_normal,attack_lr_check_f,0,,[22],,,,0.0,0,75,fighter_attack_absolute_kind_throw,,,,,,,attack_sound_level_s,collision_sound_attr_none,,,,attack_region_throw,true,,,
32_ike,37,23,0,Up Throw,,87,70,,,,,4.0,,,collision_attr_normal,attack_lr_check_f,0,,[20],,,,0.0,0,72,fighter_attack_absolute_kind_throw,,,,,,,attack_sound_level_s,collision_sound_attr_none,,,,attack_region_throw,true,,,
32_ike,37,24,0,Down Throw,,80,75,,,,,4.0,,,collision_attr_normal,attack_lr_check_f,0,,[40],,,,0.0,0,120,fighter_attack_absolute_kind_throw,,,,,,,attack_sound_level_s,collision_sound_attr_none,,,,attack_region_throw,true,,,
33_squirtle,38,24,0,Forward Throw,,48,60,,,,,6.0,,,collision_attr_normal,attack_lr_check_f,0,,[12],,,,0.0,0,92,fighter_attack_absolute_kind_throw,,,,,,,attack_sound_level_s,collision_sound_attr_none,,,,attack_region_throw,true,,,
33_squirtle,38,25,0,Back Throw,,48,30,,,,,8.0,,,collision_attr_normal,attack_lr_check_f,0,,[27],,,,0.0,0,128,fighter_attack_absolute_kind_throw,,,,,,,attack_sound_level_s,collision_sound_attr_none,,,,attack_region_throw,true,,,
33_squirtle,38,26,0,Up Throw,,90,80,,,,,5.0,,,collision_attr_normal,attack_lr_check_f,0,,[17],,,,0.0,0,65,fighter_attack_absolute_kind_throw,,,,,,,attack_sound_level_s,collision_sound_attr_none,,,,attack_region_throw,true,,,
33_squirtle,38,27,0,Down Throw,,68,45,,,,,5.0,,,collision_attr_normal,attack_lr_check_f,0,,[30],,,,0.0,0,110,fighter_attack_absolute_kind_throw,,,,,,,attack_sound_level_s,collision_sound_attr_none,,,,attack_region_throw,true,,,
34_ivysaur,39,22,0,Forward Throw,,361,60,,,,,3.0,,,collision_attr_normal,attack_lr_check_f,0,,[17],,,,0.0,0,100,fighter_attack_absolute_kind_catch,,,,,,,attack_sound_level_s,collision_sound_attr_none,,,,attack_region_throw,true,,,
34_ivysaur,39,23,0,Back Throw,,45,60,,,,,12.0,,,collision_attr_normal,attack_lr_check_f,0,,[20],,,,0.0,0,70,fighter_attack_absolute_kind_throw,,,,,,,attack_sound_level_s,collision_sound_attr_none,,,,attack_region_throw,true,,,
34_ivysaur,39,24,0,Up Throw,,90,75,,,,,5.0,,,collision_attr_normal,attack_lr_check_f,0,,[21],,,,0.0,0,95,fighter_attack_absolute_kind_throw,,,,,,,attack_sound_level_s,collision_sound_attr_none,,,,attack_region_throw,true,,,
34_ivysaur,39,25,0,Down Throw,,80,44,,,,,7.0,,,collision_attr_normal,attack_lr_check_f,0,,[19],,,,0.0,0,122,fighter_attack_absolute_kind_throw,,,,,,,attack_sound_level_s,collision_sound_attr_none,,,,attack_region_throw,true,,,
35_charizard,40,21,0,Forward Throw,,40,63,,,,,10.0,,,collision_attr_normal,attack_lr_check_f,0,,[27],,,,0.0,0,70,fighter_attack_absolute_kind_throw,,,,,,,attack_sound_level_s,collision_sound_attr_none,,,,attack_region_throw,true,,,
35_charizard,40,22,0,Back Throw,,361,60,,,,,10.0,,,collision_attr_normal,attack_lr_check_f,0,,[26],,,,0.0,0,65,fighter_attack_absolute_kind_throw,,,,,,,attack_sound_level_s,collision_sound_attr_none,,,,attack_region_throw,true,,,
35_charizard,40,23,0,Up Throw,,70,50,,,,,3.0,,,collision_attr_normal,attack_lr_check_f,0,,[58],,,,0.0,0,220,fighter_attack_absolute_kind_throw,,,,,,,attack_sound_level_s,collision_sound_attr_none,,,,attack_region_throw,true,,,
35_charizard,40,24,0,Down Throw,,70,70,,,,,1.0,,,collision_attr_fire,attack_lr_check_f,0,,[55],,,,0.0,0,130,fighter_attack_absolute_kind_throw,,,,,,,attack_sound_level_l,collision_sound_attr_fire,,,,attack_region_throw,true,,,
36_diddy-kong,41,21,0,Forward Throw,,46,69,,,,,9.0,,,collision_attr_normal,attack_lr_check_f,0,,[21],,,,0.0,0,65,fighter_attack_absolute_kind_throw,,,,,,,attack_sound_level_s,collision_sound_attr_none,,,,attack_region_throw,true,,,
36_diddy-kong,41,22,0,Back Throw,,42,60,,,,,12.0,,,collision_attr_normal,attack_lr_check_f,0,,[18],,,,0.0,0,55,fighter_attack_absolute_kind_throw,,,,,,,attack_sound_level_s,collision_sound_attr_none,,,,attack_region_throw,true,,,
36_diddy-kong,41,23,0,Up Throw,,87,70,,,,,4.0,,,collision_attr_normal,attack_lr_check_f,0,,[19],,,,0.0,0,72,fighter_attack_absolute_kind_throw,,,,,,,attack_sound_level_s,collision_sound_attr_none,,,,attack_region_throw,true,,,
36_diddy-kong,41,24,0,Down Throw,,106,85,,,,,7.0,,,collision_attr_normal,attack_lr_check_f,0,,[22],,,,0.0,0,59,fighter_attack_absolute_kind_throw,,,,,,,attack_sound_level_s,collision_sound_attr_none,,,,attack_region_throw,true,,,
36_diddy-kong,41,28,0,Monkey Flip (Stick),,361,0,,,,,2.0,,,collision_attr_normal,attack_lr_check_f,0,,[],,,,0.0,1,50,fighter_attack_absolute_kind_catch,,,,,,,attack_sound_level_s,collision_sound_attr_none,,,,attack_region_none,true,,,
36_diddy-kong,41,29,0,Monkey Flip (Stick Attack),,361,50,,,,,7.0,,,collision_attr_normal,attack_lr_check_f,0,,[20],,,,0.0,1,100,fighter_attack_absolute_kind_throw,,,,,,,attack_sound_level_s,collision_sound_attr_none,,,,attack_region_throw,true,,,
36_diddy-kong,41,29,1,Monkey Flip (Stick Attack),,361,0,,,,,5.0,,,collision_attr_normal,attack_lr_check_f,0,,[20],,,,0.0,1,50,fighter_attack_absolute_kind_catch,,,,,,,attack_sound_level_s,collision_sound_attr_none,,,,attack_region_none,true,,,
37_lucas,42,22,0,Forward Throw,,48,80,,,,,10.0,,,collision_attr_normal,attack_lr_check_f,0,,[23],,,,0.0,0,69,fighter_attack_absolute_kind_throw,,,,,,,attack_sound_level_s,collision_sound_attr_none,,,,attack_region_throw,true,,,
37_lucas,42,23,0,Back Throw,,41,80,,,,,10.0,,,collision_attr_normal,attack_lr_check_f,0,,[20],,,,0.0,0,65,fighter_attack_absolute_kind_throw,,,,,,,attack_sound_level_s,collision_sound_attr_none,,,,attack_region_throw,true,,,
37_lucas,42,24,0,Up Throw,,90,77,,,,,10.0,,,collision_attr_normal,attack_lr_check_f,0,,[25],,,,0.0,0,73,fighter_attack_absolute_kind_throw,,,,,,,attack_sound_level_s,collision_sound_attr_none,,,,attack_region_throw,true,,,
37_lucas,42,25,0,Down Throw,,74,100,,,,,11.0,,,collision_attr_normal,attack_lr_check_f,0,,[41],,,,0.0,0,32,fighter_attack_absolute_kind_throw,,,,,,,attack_sound_level_s,collision_sound_attr_none,,,,attack_region_throw,true,,,
38_sonic,43,23,0,Forward Throw,,45,70,,,,,6.0,,,collision_attr_normal,attack_lr_check_f,0,,[11],,,,0.0,0,75,fighter_attack_absolute_kind_throw,,,,,,,attack_sound_level_s,collision_sound_attr_none,,,,attack_region_throw,true,,,
38_sonic,43,24,0,Back Throw,,140,70,,,,,7.0,,,collision_attr_normal,attack_lr_check_f,0,,[43],,,,0.0,0,79,fighter_attack_absolute_kind_throw,,,,,,,attack_sound_level_s,collision_sound_attr_none,,,,attack_region_throw,true,,,
38_sonic,43,25,0,Up Throw,,92,80,,,,,5.0,,,collision_attr_normal,attack_lr_check_f,0,,[23],,,,0.0,0,92,fighter_attack_absolute_kind_throw,,,,,,,attack_sound_level_s,collision_sound_attr_none,,,,attack_region_throw,true,,,
38_sonic,43,26,0,Down Throw,,20,75,,,,,5.0,,,collision_attr_normal,attack_lr_check_f,0,,[42],,,,0.0,0,35,fighter_attack_absolute_kind_throw,,,,,,,attack_sound_level_s,collision_sound_attr_none,,,,attack_region_throw,true,,,
39_king-dedede,44,20,0,Forward Throw,,45,70,,,,,6.0,,,collision_attr_normal,attack_lr_check_f,0,,[14],,,,0.0,0,80,fighter_attack_absolute_kind_throw,,,,,,,attack_sound_level_s,collision_sound_attr_none,,,,attack_region_throw,true,,,
39_king-dedede,44,21,0,Back Throw,,60,60,,,,,9.0,,,collision_attr_normal,attack_lr_check_f,0,,[19],,,,0.0,0,79,fighter_attack_absolute_kind_throw,,,,,,,attack_sound_level_s,collision_sound_attr_none,,,,attack_region_throw,true,,,
39_king-dedede,44,22,0,Up Throw,,90,70,,,,,5.0,,,collision_attr_normal,attack_lr_check_f,0,,[19],,,,0.0,0,72,fighter_attack_absolute_kind_throw,,,,,,,attack_sound_level_s,collision_sound_attr_none,,,,attack_region_throw,true,,,
39_king-dedede,44,23,0,Down Throw,,80,70,,,,,6.0,,,collision_attr_normal,attack_lr_check_f,0,,[26],,,,0.0,0,82,fighter_attack_absolute_kind_throw,,,,,,,attack_sound_level_s,collision_sound_attr_none,,,,attack_region_throw,true,,,
40_olimar,45,48,0,Forward Throw,,361,65,,,,,5.6,,,collision_attr_fire,attack_lr_check_f,0,,[18],,,,0.0,0,60,fighter_attack_absolute_kind_throw,Red,,,,,,attack_sound_level_s,collision_sound_attr_none,,,,attack_region_throw,true,,,
40_olimar,45,48,1,Forward Throw,,361,65,,,,,7.0,,,collision_attr_elec,attack_lr_check_f,0,,[18],,,,0.0,0,60,fighter_attack_absolute_kind_throw,Yellow,,,,,,attack_sound_level_s,collision_sound_attr_none,,,,attack_region_throw,true,,,
40_olimar,45,48,2,Forward Throw,,361,65,,,,,11.9,,,collision_attr_normal,attack_lr_check_f,0,,[18],,,,0.0,0,60,fighter_attack_absolute_kind_throw,Blue,,,,,,attack_sound_level_l,collision_sound_attr_none,,,,attack_region_throw,true,,,
40_olimar,45,48,3,Forward Throw,,361,65,,,,,7.0,,,collision_attr_normal,attack_lr_check_f,0,,[18],,,,0.0,0,60,fighter_attack_absolute_kind_throw,Purple,,,,,,attack_sound_level_s,collision_sound_attr_none,,,,attack_region_throw,true,,,
40_olimar,45,48,4,Forward Throw,,361,65,,,,,7.0,,,collision_attr_purple,attack_lr_check_f,0,,[18],,,,0.0,0,60,fighter_attack_absolute_kind_throw,White,,,,,,attack_sound_level_s,collision_sound_attr_none,,,,attack_region_throw,true,,,
40_olimar,45,49,0,Back Throw,,45,50,,,,,7.2,,,collision_attr_fire,attack_lr_check_f,0,,[20],,,,0.0,0,60,fighter_attack_absolute_kind_throw,Red,,,,,,attack_sound_level_s,collision_sound_attr_none,,,,attack_region_throw,true,,,
40_olimar,45,49,1,Back Throw,,45,50,,,,,9.0,,,collision_attr_elec,attack_lr_check_f,0,,[20],,,,0.0,0,60,fighter_attack_absolute_kind_throw,Yellow,,,,,,attack_sound_level_s,collision_sound_attr_none,,,,attack_region_throw,true,,,
40_olimar,45,49,2,Back Throw,,45,50,,,,,15.3,,,collision_attr_normal,attack_lr_check_f,0,,[20],,,,0.0,0,60,fighter_attack_absolute_kind_throw,Blue,,,,,,attack_sound_level_l,collision_sound_attr_none,,,,attack_region_throw,true,,,
40_olimar,45,49,3,Back Throw,,45,50,,,,,9.0,,,collision_attr_normal,attack_lr_check_f,0,,[20],,,,0.0,0,60,fighter_attack_absolute_kind_throw,Purple,,,,,,attack_sound_level_s,collision_sound_attr_none,,,,attack_region_throw,true,,,
40_olimar,45,49,4,Back Throw,,45,50,,,,,9.0,,,collision_attr_purple,attack_lr_check_f,0,,[20],,,,0.0,0,60,fighter_attack_absolute_kind_throw,White,,,,,,attack_sound_level_s,collision_sound_attr_none,,,,attack_region_throw,true,,,
40_olimar,45,50,0,Up Throw (Red),false,90,50,head1,attack_setoff_kind_off,collision_part_mask_all,red,1.0,true,false,collision_attr_fire,attack_lr_check_f,0,false,[21],false,collision_situation_mask_ga,collision_category_mask_all,1.0,0,200,,,0,false,0,1.0,false,attack_sound_level_s,collision_sound_attr_fire,0,5.0,0.0,attack_region_pikmin,,0.0,0.0,0.0
40_olimar,45,51,0,Up Throw (Yellow),,85,81,,,,,7.0,,,collision_attr_elec,attack_lr_check_f,0,,[21],,,,0.0,0,79,weapon_pikmin_pikmin_attack_absolute_kind_throw,,,,,,,attack_sound_level_s,collision_sound_attr_none,,,,attack_region_throw,true,,,
40_olimar,45,52,0,Up Throw (Blue),,85,83,,,,,12.5,,,collision_attr_normal,attack_lr_check_f,0,,[21],,,,0.0,0,66,weapon_pikmin_pikmin_attack_absolute_kind_throw,,,,,,,attack_sound_level_l,collision_sound_attr_none,,,,attack_region_throw,true,,,
40_olimar,45,53,0,Up Throw (Purple),,85,83,,,,,7.0,,,collision_attr_normal,attack_lr_check_f,0,,[21],,,,0.0,0,76,weapon_pikmin_pikmin_attack_absolute_kind_throw,,,,,,,attack_sound_level_s,collision_sound_attr_none,,,,attack_region_throw,true,,,
40_olimar,45,54,0,Up Throw (White),,85,82,,,,,7.0,,,collision_attr_purple,attack_lr_check_f,0,,[21],,,,0.0,0,77,weapon_pikmin_pikmin_attack_absolute_kind_throw,,,,,,,attack_sound_level_s,collision_sound_attr_none,,,,attack_region_throw,true,,,
41_lucario,46,21,0,Forward Throw,,361,65,,,,,3.0,,,collision_attr_aura,attack_lr_check_f,0,,[7],,,,0.0,0,92,fighter_attack_absolute_kind_throw,,,,,,,attack_sound_level_s,collision_sound_attr_none,,,,attack_region_throw,true,,,
41_lucario,46,22,0,Back Throw,,40,50,,,,,10.0,,,collision_attr_normal,attack_lr_check_f,0,,[14],,,,0.0,0,60,fighter_attack_absolute_kind_throw,,,,,,,attack_sound_level_s,collision_sound_attr_none,,,,attack_region_throw,true,,,
41_lucario,46,23,0,Up Throw,,88,90,,,,,6.0,,,collision_attr_aura,attack_lr_check_f,0,,[17],,,,0.0,0,60,fighter_attack_absolute_kind_throw,,,,,,,attack_sound_level_s,collision_sound_attr_none,,,,attack_region_throw,true,,,
41_lucario,46,24,0,Down Throw,,80,100,,,,,7.0,,,collision_attr_normal,attack_lr_check_f,0,,[28],,,,0.0,0,30,fighter_attack_absolute_kind_throw,,,,,,,attack_sound_level_s,collision_sound_attr_none,,,,attack_region_throw,true,,,
42_rob,,22,0,Forward Throw,,45,60,,,,,8.0,,,collision_attr_normal,attack_lr_check_f,0,,[11],,,,0.0,0,65,fighter_attack_absolute_kind_throw,,,,,,,attack_sound_level_s,collision_sound_attr_none,,,,attack_region_throw,true,,,
42_rob,,23,0,Back Throw,,45,60,,,,,10.0,,,collision_attr_normal,attack_lr_check_f,0,,[12],,,,0.0,0,65,fighter_attack_absolute_kind_throw,,,,,,,attack_sound_level_s,collision_sound_attr_none,,,,attack_region_throw,true,,,
42_rob,,24,0,Up Throw,,80,60,,,,,12.0,,,collision_attr_normal,attack_lr_check_f,0,,[58],,,,0.0,0,70,fighter_attack_absolute_kind_throw,,,,,,,attack_sound_level_s,collision_sound_attr_none,,,,attack_region_throw,true,,,
42_rob,,25,0,Down Throw,,88,110,,,,,5.0,,,collision_attr_bury_r,attack_lr_check_f,0,,[50],,,,0.0,0,20,fighter_attack_absolute_kind_throw,,,,,,,attack_sound_level_s,collision_sound_attr_none,,,,attack_region_throw,true,,,
43_toon-link,48,21,0,Forward Throw,,45,60,,,,,4.0,,,collision_attr_normal,attack_lr_check_f,0,,[14],,,,0.0,0,110,fighter_attack_absolute_kind_throw,,,,,,,attack_sound_level_s,collision_sound_attr_none,,,,attack_region_throw,true,,,
43_toon-link,48,22,0,Back Throw,,130,60,,,,,7.0,,,collision_attr_normal,attack_lr_check_f,0,,[18],,,,0.0,0,110,fighter_attack_absolute_kind_throw,,,,,,,attack_sound_level_s,collision_sound_attr_none,,,,attack_region_throw,true,,,
43_toon-link,48,23,0,Up Throw,,92,25,,,,,2.0,,,collision_attr_normal,attack_lr_check_f,0,,[28],,,,0.0,0,220,fighter_attack_absolute_kind_throw,,,,,,,attack_sound_level_s,collision_sound_attr_none,,,,attack_region_throw,true,,,
43_toon-link,48,24,0,Down Throw,,110,60,,,,,4.0,,,collision_attr_normal,attack_lr_check_f,0,,[24],,,,0.0,0,110,fighter_attack_absolute_kind_throw,,,,,,,attack_sound_level_s,collision_sound_attr_none,,,,attack_region_throw,true,,,
44_wolf,49,21,0,Forward Throw,,37,55,,,,,4.0,,,collision_attr_normal,attack_lr_check_f,0,,[11],,,,0.0,0,57,fighter_attack_absolute_kind_throw,,,,,,,attack_sound_level_s,collision_sound_attr_none,,,,attack_region_throw,true,,,
44_wolf,49,22,0,Back Throw,,50,40,,,,,5.0,,,collision_attr_normal,attack_lr_check_f,0,,[24],,,,0.0,0,150,fighter_attack_absolute_kind_throw,,,,,,,attack_sound_level_s,collision_sound_attr_none,,,,attack_region_throw,true,,,
44_wolf,49,23,0,Up Throw,,80,75,,,,,2.0,,,collision_attr_normal,attack_lr_check_f,0,,[27],,,,0.0,0,110,fighter_attack_absolute_kind_throw,,,,,,,attack_sound_level_s,collision_sound_attr_none,,,,attack_region_throw,true,,,
44_wolf,49,24,0,Down Throw,,44,50,,,,,8.5,,,collision_attr_normal,attack_lr_check_f,0,,[27],,,,0.0,0,65,fighter_attack_absolute_kind_throw,,,,,,,attack_sound_level_s,collision_sound_attr_none,,,,attack_region_throw,true,,,
45_villager,50,24,0,Forward Throw,,45,108,,,,,9.0,,,collision_attr_normal,attack_lr_check_f,0,,[15],,,,0.0,0,10,fighter_attack_absolute_kind_throw,,,,,,,attack_sound_level_s,collision_sound_attr_none,,,,attack_region_throw,true,,,
45_villager,50,25,0,Back Throw,,135,46,,,,,11.0,,,collision_attr_normal,attack_lr_check_f,0,,[11],,,,0.0,0,88,fighter_attack_absolute_kind_throw,,,,,,,attack_sound_level_s,collision_sound_attr_none,,,,attack_region_throw,true,,,
45_villager,50,26,0,Up Throw,,90,114,,,,,10.0,,,collision_attr_normal,attack_lr_check_f,0,,[13],,,,0.0,0,34,fighter_attack_absolute_kind_throw,,,,,,,attack_sound_level_s,collision_sound_attr_none,,,,attack_region_throw,true,,,
45_villager,50,27,0,Down Throw,,70,78,,,,,6.0,,,collision_attr_normal,attack_lr_check_f,0,,[18],,,,0.0,0,60,fighter_attack_absolute_kind_throw,,,,,,,attack_sound_level_s,collision_sound_attr_none,,,,attack_region_throw,true,,,
46_mega-man,51,18,0,Forward Throw,,45,60,,,,,8.0,,,collision_attr_normal,attack_lr_check_f,0,,[10],,,,0.0,0,65,fighter_attack_absolute_kind_throw,,,,,,,attack_sound_level_s,collision_sound_attr_none,,,,attack_region_throw,true,,,
46_mega-man,51,19,0,Back Throw,,45,70,,,,,11.0,,,collision_attr_normal,attack_lr_check_f,0,,[18],,,,0.0,0,63,fighter_attack_absolute_kind_throw,,,,,,,attack_sound_level_s,collision_sound_attr_none,,,,attack_region_throw,true,,,
46_mega-man,51,20,0,Up Throw,,90,70,,,,,7.0,,,collision_attr_normal,attack_lr_check_f,0,,[12],,,,0.0,0,72,fighter_attack_absolute_kind_throw,,,,,,,attack_sound_level_s,collision_sound_attr_none,,,,attack_region_throw,true,,,
46_mega-man,51,21,0,Down Throw,,80,75,,,,,4.5,,,collision_attr_normal,attack_lr_check_f,0,,[17],,,,0.0,0,75,fighter_attack_absolute_kind_throw,,,,,,,attack_sound_level_s,collision_sound_attr_none,,,,attack_region_throw,true,,,
47_wii-fit-trainer,52,19,0,Forward Throw,,45,50,,,,red,7.0,,,collision_attr_normal,attack_lr_check_f,0,,[38],,,,0.0,0,86,fighter_attack_absolute_kind_throw,,,,,,,attack_sound_level_s,collision_sound_attr_none,,,,attack_region_throw,true,,,
47_wii-fit-trainer,52,20,0,Back Throw,,45,65,,,,,6.0,,,collision_attr_normal,attack_lr_check_f,0,,[21],,,,0.0,0,90,fighter_attack_absolute_kind_throw,,,,,,,attack_sound_level_s,collision_sound_attr_none,,,,attack_region_throw,true,,,
47_wii-fit-trainer,52,21,0,Up Throw,,80,40,,,,,8.0,,,collision_attr_normal,attack_lr_check_f,0,,[28],,,,0.0,0,80,fighter_attack_absolute_kind_throw,,,,,,,attack_sound_level_s,collision_sound_attr_none,,,,attack_region_throw,true,,,
47_wii-fit-trainer,52,22,0,Down Throw,,80,75,,,,,7.0,,,collision_attr_normal,attack_lr_check_b,0,,[24],,,,0.0,0,66,fighter_attack_absolute_kind_throw,,,,,,,attack_sound_level_s,collision_sound_attr_none,,,,attack_region_throw,true,,,
48_rosalina-luma,53,42,0,Forward Throw,,45,45,,,,,9.0,,,collision_attr_normal,attack_lr_check_f,0,,[28],,,,0.0,0,76,fighter_attack_absolute_kind_throw,,,,,,,attack_sound_level_s,collision_sound_attr_none,,,,attack_region_throw,true,,,
48_rosalina-luma,53,43,0,Back Throw,,50,70,,,,,11.0,,,collision_attr_normal,attack_lr_check_b,0,,[30],,,,0.0,0,60,fighter_attack_absolute_kind_throw,,,,,,,attack_sound_level_s,collision_sound_attr_none,,,,attack_region_throw,true,,,
48_rosalina-luma,53,44,0,Up Throw,,88,50,,,,,7.0,,,collision_attr_normal,attack_lr_check_f,0,,[13],,,,0.0,0,90,fighter_attack_absolute_kind_throw,,,,,,,attack_sound_level_s,collision_sound_attr_none,,,,attack_region_throw,true,,,
48_rosalina-luma,53,45,0,Down Throw,,70,90,,,,,9.0,,,collision_attr_normal,attack_lr_check_f,0,,[13],,,,0.0,0,35,fighter_attack_absolute_kind_throw,,,,,,,attack_sound_level_s,collision_sound_attr_none,,,,attack_region_throw,true,,,
49_little-mac,54,23,0,Forward Throw,,45,45,,,,,4.0,,,collision_attr_normal,attack_lr_check_f,0,,[17],,,,0.0,0,105,fighter_attack_absolute_kind_throw,,,,,,,attack_sound_level_s,collision_sound_attr_none,,,,attack_region_throw,true,,,
49_little-mac,54,24,0,Back Throw,,45,42,,,,,5.0,,,collision_attr_normal,attack_lr_check_f,0,,[19],,,,0.0,0,130,fighter_attack_absolute_kind_throw,,,,,,,attack_sound_level_s,collision_sound_attr_none,,,,attack_region_throw,true,,,
49_little-mac,54,25,0,Up Throw,,85,70,,,,,3.0,,,collision_attr_normal,attack_lr_check_f,0,,[12],,,,0.0,0,105,fighter_attack_absolute_kind_throw,,,,,,,attack_sound_level_s,collision_sound_attr_none,,,,attack_region_throw,true,,,
49_little-mac,54,26,0,Down Throw,,87,50,,,,,3.0,,,collision_attr_normal,attack_lr_check_f,0,,[16],,,,0.0,0,88,fighter_attack_absolute_kind_throw,,,,,,,attack_sound_level_s,collision_sound_attr_none,,,,attack_region_throw,true,,,
50_greninja,55,23,0,Forward Throw,,40,65,,,,,4.5,,,collision_attr_normal,attack_lr_check_f,0,,[16],,,,0.0,0,100,fighter_attack_absolute_kind_throw,,,,,,,attack_sound_level_s,collision_sound_attr_none,,,,attack_region_throw,true,,,
50_greninja,55,24,0,Back Throw,,140,55,,,,,9.0,,,collision_attr_normal,attack_lr_check_f,0,,[18],,,,0.0,0,60,fighter_attack_absolute_kind_throw,,,,,,,attack_sound_level_s,collision_sound_attr_none,,,,attack_region_throw,true,,,
50_greninja,55,25,0,Up Throw,,93,60,,,,,5.0,,,collision_attr_normal,attack_lr_check_f,0,,[16],,,,0.0,0,120,fighter_attack_absolute_kind_throw,,,,,,,attack_sound_level_s,collision_sound_attr_none,,,,attack_region_throw,true,,,
50_greninja,55,26,0,Down Throw,,65,53,,,,,5.0,,,collision_attr_normal,attack_lr_check_f,0,,[16],,,,0.0,0,75,fighter_attack_absolute_kind_throw,,,,,,,attack_sound_level_s,collision_sound_attr_none,,,,attack_region_throw,true,,,
51_mii-brawler,56,24,0,Forward Throw,,42,60,,,,,9.0,,,collision_attr_normal,attack_lr_check_f,0,,[14],,,,0.0,0,65,fighter_attack_absolute_kind_throw,,,,,,,attack_sound_level_s,collision_sound_attr_none,,,,attack_region_throw,true,,,
51_mii-brawler,56,25,0,Back Throw,,45,70,,,,,5.0,,,collision_attr_normal,attack_lr_check_f,0,,[11],,,,0.0,0,60,fighter_attack_absolute_kind_throw,,,,,,,attack_sound_level_s,collision_sound_attr_none,,,,attack_region_throw,true,,,
51_mii-brawler,56,26,0,Up Throw,,93,100,,,,,11.0,,,collision_attr_normal,attack_lr_check_f,0,,[16],,,,0.0,0,30,fighter_attack_absolute_kind_throw,,,,,,,attack_sound_level_s,collision_sound_attr_none,,,,attack_region_throw,true,,,
51_mii-brawler,56,27,0,Down Throw,,80,65,,,,,4.0,,,collision_attr_normal,attack_lr_check_f,0,,[20],,,,0.0,0,120,fighter_attack_absolute_kind_throw,,,,,,,attack_sound_level_s,collision_sound_attr_none,,,,attack_region_throw,true,,,
51_mii-brawler,56,55,0,Counter Throw (Throw),,45,75,,,,,14.0,,,collision_attr_normal,attack_lr_check_f,0,,[13],,,,0.0,0,70,fighter_attack_absolute_kind_throw,,,,,,,attack_sound_level_s,collision_sound_attr_none,,,,attack_region_throw,true,,,
52_mii-swordfighter,57,20,0,Forward Throw,,45,60,,,,,3.0,,,collision_attr_normal,attack_lr_check_f,0,,[13],,,,0.0,0,110,fighter_attack_absolute_kind_throw,,,,,,,attack_sound_level_s,collision_sound_attr_none,,,,attack_region_throw,true,,,
52_mii-swordfighter,57,21,0,Back Throw,,45,60,,,,,3.0,,,collision_attr_normal,attack_lr_check_f,0,,[16],,,,0.0,0,130,fighter_attack_absolute_kind_throw,,,,,,,attack_sound_level_s,collision_sound_attr_none,,,,attack_region_throw,true,,,
52_mii-swordfighter,57,22,0,Up Throw,,80,50,,,,,3.0,,,collision_attr_normal,attack_lr_check_f,0,,[23],,,,0.0,0,100,fighter_attack_absolute_kind_throw,,,,,,,attack_sound_level_s,collision_sound_attr_none,,,,attack_region_throw,true,,,
52_mii-swordfighter,57,23,0,Down Throw,,80,75,,,,,2.0,,,collision_attr_normal,attack_lr_check_f,0,,[16],,,,0.0,0,120,fighter_attack_absolute_kind_throw,,,,,,,attack_sound_level_s,collision_sound_attr_none,,,,attack_region_throw,true,,,
53_mii-gunner,58,19,0,Forward Throw,,45,42,,,,,3.0,,,collision_attr_normal,attack_lr_check_f,0,,[12],,,,0.0,0,130,fighter_attack_absolute_kind_throw,,,,,,,attack_sound_level_s,collision_sound_attr_none,,,,attack_region_throw,true,,,
53_mii-gunner,58,20,0,Back Throw,,49,75,,,,,7.0,,,collision_attr_normal,attack_lr_check_f,2,,[10],,,,0.0,0,56,fighter_attack_absolute_kind_throw,,,,,,,attack_sound_level_s,collision_sound_attr_none,,,,attack_region_throw,true,,,
53_mii-gunner,58,21,0,Up Throw,,91,76,,,,,7.0,,,collision_attr_normal,attack_lr_check_f,2,,[7],,,,0.0,0,54,fighter_attack_absolute_kind_throw,,,,,,,attack_sound_level_s,collision_sound_attr_none,,,,attack_region_throw,true,,,
53_mii-gunner,58,22,0,Down Throw,,95,95,,,,,7.0,,,collision_attr_normal,attack_lr_check_f,0,,[16],,,,0.0,0,42,fighter_attack_absolute_kind_throw,,,,,,,attack_sound_level_s,collision_sound_attr_none,,,,attack_region_throw,true,,,
54_palutena,59,19,0,Forward Throw,,45,90,,,,,9.0,,,collision_attr_normal,attack_lr_check_f,0,,[20],,,,0.0,0,30,fighter_attack_absolute_kind_throw,,,,,,,attack_sound_level_s,collision_sound_attr_none,,,,attack_region_throw,true,,,
54_palutena,59,20,0,Back Throw,,361,65,,,,,10.0,,,collision_attr_normal,attack_lr_check_f,0,,[20],,,,0.0,0,70,fighter_attack_absolute_kind_throw,,,,,,,attack_sound_level_s,collision_sound_attr_none,,,,attack_region_throw,true,,,
54_palutena,59,21,0,Up Throw,,92,90,,,,,8.0,,,collision_attr_normal,attack_lr_check_f,0,,[17],,,,0.0,0,60,fighter_attack_absolute_kind_throw,,,,,,,attack_sound_level_s,collision_sound_attr_none,,,,attack_region_throw,true,,,
54_palutena,59,22,0,Down Throw,,73,90,,,,,5.0,,,collision_attr_normal,attack_lr_check_f,0,,[25],,,,0.0,0,30,fighter_attack_absolute_kind_throw,,,,,,,attack_sound_level_s,collision_sound_attr_none,,,,attack_region_throw,true,,,
55_pac-man,60,21,0,Forward Throw,,58,55,,,,,8.0,,,collision_attr_normal,attack_lr_check_f,0,,[13],,,,0.0,0,65,fighter_attack_absolute_kind_throw,,,,,,,attack_sound_level_s,collision_sound_attr_none,,,,attack_region_throw,true,,,
55_pac-man,60,22,0,Back Throw,,45,70,,,,,11.0,,,collision_attr_normal,attack_lr_check_f,0,,[25],,,,0.0,0,61,fighter_attack_absolute_kind_throw,,,,,,,attack_sound_level_s,collision_sound_attr_none,,,,attack_region_throw,true,,,
55_pac-man,60,23,0,Up Throw,,89,55,,,,,5.0,,,collision_attr_normal,attack_lr_check_f,0,,[18],,,,0.0,0,100,fighter_attack_absolute_kind_throw,,,,,,,attack_sound_level_s,collision_sound_attr_none,,,,attack_region_throw,true,,,
55_pac-man,60,24,0,Down Throw,,43,60,,,,,6.0,,,collision_attr_normal,attack_lr_check_f,0,,[34],,,,0.0,0,55,fighter_attack_absolute_kind_throw,,,,,,,attack_sound_level_s,collision_sound_attr_none,,,,attack_region_throw,true,,,
56_robin,61,29,0,Forward Throw,,45,95,,,,,8.0,,,collision_attr_magic,attack_lr_check_f,0,,[16],,,,0.0,0,25,fighter_attack_absolute_kind_throw,,,,,,,attack_sound_level_s,collision_sound_attr_none,,,,attack_region_throw,true,,,
56_robin,61,30,0,Back Throw,,52,85,,,,,11.0,,,collision_attr_magic,attack_lr_check_f,0,,[25],,,,0.0,0,60,fighter_attack_absolute_kind_throw,,,,,,,attack_sound_level_s,collision_sound_attr_none,,,,attack_region_throw,true,,,
56_robin,61,31,0,Up Throw,,93,100,,,,,9.0,,,collision_attr_magic,attack_lr_check_f,0,,[15],,,,0.0,0,30,fighter_attack_absolute_kind_throw,,,,,,,attack_sound_level_s,collision_sound_attr_none,,,,attack_region_throw,true,,,
56_robin,61,32,0,Down Throw,,85,50,,,,,6.0,,,collision_attr_magic,attack_lr_check_f,0,,[16],,,,0.0,0,108,fighter_attack_absolute_kind_throw,,,,,,,attack_sound_level_s,collision_sound_attr_none,,,,attack_region_throw,true,,,
57_shulk,62,21,0,Forward Throw,,45,60,,,,,5.0,,,collision_attr_normal,attack_lr_check_f,0,,[16],,,,0.0,0,95,fighter_attack_absolute_kind_throw,,,,,,,attack_sound_level_s,collision_sound_attr_none,,,,attack_region_throw,true,,,
57_shulk,62,22,0,Back Throw,,135,70,,,,,6.0,,,collision_attr_normal,attack_lr_check_f,0,,[20],,,,0.0,0,83,fighter_attack_absolute_kind_throw,,,,,,,attack_sound_level_s,collision_sound_attr_none,,,,attack_region_throw,true,,,
57_shulk,62,23,0,Up Throw,,88,60,,,,,4.0,,,collision_attr_normal,attack_lr_check_f,0,,[22],,,,0.0,0,80,fighter_attack_absolute_kind_throw,,,,,,,attack_sound_level_s,collision_sound_attr_none,,,,attack_region_throw,true,,,
57_shulk,62,24,0,Down Throw,,60,85,,,,,2.5,,,collision_attr_normal,attack_lr_check_f,0,,[25],,,,0.0,0,105,fighter_attack_absolute_kind_throw,,,,,,,attack_sound_level_s,collision_sound_attr_none,,,,attack_region_throw,true,,,
58_bowser-jr,,26,0,Forward Throw,,45,60,,,,,7.0,,,collision_attr_normal,attack_lr_check_f,0,,[16],,,,0.0,0,92,fighter_attack_absolute_kind_throw,,,,,,,attack_sound_level_s,collision_sound_attr_none,,,,attack_region_throw,true,,,
58_bowser-jr,,27,0,Back Throw,,45,50,,,,,11.0,,,collision_attr_normal,attack_lr_check_f,0,,[24],,,,0.0,0,70,fighter_attack_absolute_kind_throw,,,,,,,attack_sound_level_s,collision_sound_attr_none,,,,attack_region_throw,true,,,
58_bowser-jr,,28,0,Up Throw,,75,65,,,,,7.0,,,collision_attr_normal,attack_lr_check_b,0,,[18],,,,0.0,0,60,fighter_attack_absolute_kind_throw,,,,,,,attack_sound_level_s,collision_sound_attr_none,,,,attack_region_throw,true,,,
58_bowser-jr,,29,0,Down Throw,,30,90,,,,,4.0,,,collision_attr_normal,attack_lr_check_f,0,,[50],,,,0.0,0,55,fighter_attack_absolute_kind_throw,,,,,,,attack_sound_level_s,collision_sound_attr_none,,,,attack_region_throw,true,,,
59_duck-hunt,64,23,0,Forward Throw,,45,60,,,,,8.0,,,collision_attr_normal,attack_lr_check_f,0,,[18],,,,0.0,0,65,fighter_attack_absolute_kind_throw,,,,,,,attack_sound_level_s,collision_sound_attr_none,,,,attack_region_throw,true,,,
59_duck-hunt,64,24,0,Back Throw,,45,62,,,,,9.0,,,collision_attr_normal,attack_lr_check_f,0,,[15],,,,0.0,0,50,fighter_attack_absolute_kind_throw,,,,,,,attack_sound_level_s,collision_sound_attr_none,,,,attack_region_throw,true,,,
59_duck-hunt,64,25,0,Up Throw,,88,70,,,,,6.0,,,collision_attr_normal,attack_lr_check_f,0,,[18],,,,0.0,0,80,fighter_attack_absolute_kind_throw,,,,,,,attack_sound_level_s,collision_sound_attr_none,,,,attack_region_throw,true,,,
59_duck-hunt,64,26,0,Down Throw,,80,70,,,,,5.0,,,collision_attr_normal,attack_lr_check_f,0,,[24],,,,0.0,0,50,fighter_attack_absolute_kind_throw,,,,,,,attack_sound_level_s,collision_sound_attr_none,,,,attack_region_throw,true,,,
60e_ken,66,25,0,Forward Throw,,50,75,,,,,9.0,,,collision_attr_normal,attack_lr_check_f,0,,[16],,,,0.0,0,45,fighter_attack_absolute_kind_throw,,,,,,,attack_sound_level_s,collision_sound_attr_none,,,,attack_region_throw,true,,,
60e_ken,66,26,0,Back Throw,,52,75,,,,,12.0,,,collision_attr_normal,attack_lr_check_f,0,,[41],,,,0.0,0,45,fighter_attack_absolute_kind_throw,,,,,,,attack_sound_level_s,collision_sound_attr_none,,,,attack_region_throw,true,,,
60e_ken,66,27,0,Up Throw,,88,55,,,,,8.0,,,collision_attr_normal,attack_lr_check_f,0,,[18],,,,0.0,0,75,fighter_attack_absolute_kind_throw,,,,,,,attack_sound_level_s,collision_sound_attr_none,,,,attack_region_throw,true,,,
60e_ken,66,28,0,Down Throw,,361,40,,,,,3.0,,,collision_attr_normal,attack_lr_check_f,0,,[19],,,,0.0,0,100,fighter_attack_absolute_kind_catch,,,,,,,attack_sound_level_s,collision_sound_attr_none,,,,attack_region_throw,true,,,
60_ryu,65,25,0,Forward Throw,,50,75,,,,,9.0,,,collision_attr_normal,attack_lr_check_f,0,,[16],,,,0.0,0,45,fighter_attack_absolute_kind_throw,,,,,,,attack_sound_level_s,collision_sound_attr_none,,,,attack_region_throw,true,,,
60_ryu,65,26,0,Back Throw,,52,75,,,,,12.0,,,collision_attr_normal,attack_lr_check_f,0,,[23],,,,0.0,0,45,fighter_attack_absolute_kind_throw,,,,,,,attack_sound_level_s,collision_sound_attr_none,,,,attack_region_throw,true,,,
60_ryu,65,27,0,Up Throw,,88,55,,,,,8.0,,,collision_attr_normal,attack_lr_check_f,0,,[18],,,,0.0,0,75,fighter_attack_absolute_kind_throw,,,,,,,attack_sound_level_s,collision_sound_attr_none,,,,attack_region_throw,true,,,
60_ryu,65,28,0,Down Throw,,76,50,,,,,3.0,,,collision_attr_normal,attack_lr_check_f,0,,[19],,,,0.0,0,157,fighter_attack_absolute_kind_throw,,,,,,,attack_sound_level_s,collision_sound_attr_none,,,,attack_region_throw,true,,,
61_cloud,67,19,0,Forward Throw,,49,48,,,,,3.0,,,collision_attr_normal,attack_lr_check_f,0,,[9],,,,0.0,0,125,fighter_attack_absolute_kind_throw,,,,,,,attack_sound_level_s,collision_sound_attr_none,,,,attack_region_throw,true,,,
61_cloud,67,20,0,Back Throw,,38,48,,,,,3.0,,,collision_attr_normal,attack_lr_check_f,0,,[15],,,,0.0,0,110,fighter_attack_absolute_kind_throw,,,,,,,attack_sound_level_s,collision_sound_attr_none,,,,attack_region_throw,true,,,
61_cloud,67,21,0,Up Throw,,80,78,,,,,4.0,,,collision_attr_normal,attack_lr_check_f,0,,[15],,,,0.0,0,97,fighter_attack_absolute_kind_throw,,,,,,,attack_sound_level_s,collision_sound_attr_none,,,,attack_region_throw,true,,,
61_cloud,67,22,0,Down Throw,,122,40,,,,,7.0,,,collision_attr_normal,attack_lr_check_f,0,,[18],,,,0.0,0,110,fighter_attack_absolute_kind_throw,,,,,,,attack_sound_level_s,collision_sound_attr_none,,,,attack_region_throw,true,,,
62_corrin,68,23,0,Forward Throw,,50,80,,,,,2.0,,,collision_attr_normal,attack_lr_check_f,0,,[15],,,,0.0,0,70,fighter_attack_absolute_kind_throw,,,,,,,attack_sound_level_s,collision_sound_attr_none,,,,attack_region_throw,true,,,
62_corrin,68,24,0,Back Throw,,130,60,,,,,2.0,,,collision_attr_normal,attack_lr_check_b,0,,[13],,,,0.0,0,110,fighter_attack_absolute_kind_throw,,,,,,,attack_sound_level_s,collision_sound_attr_none,,,,attack_region_throw,true,,,
62_corrin,68,25,0,Up Throw,,85,30,,,,,3.0,,,collision_attr_normal,attack_lr_check_f,0,,[13],,,,0.0,0,198,fighter_attack_absolute_kind_throw,,,,,,,attack_sound_level_s,collision_sound_attr_none,,,,attack_region_throw,true,,,
62_corrin,68,26,0,Down Throw,,70,80,,,,,3.0,,,collision_attr_normal,attack_lr_check_f,0,,[27],,,,0.0,0,150,fighter_attack_absolute_kind_throw,,,,,,,attack_sound_level_s,collision_sound_attr_none,,,,attack_region_throw,true,,,
63_bayonetta,69,29,0,Forward Throw,,49,60,,,,,3.0,,,collision_attr_normal,attack_lr_check_f,0,,[15],,,,0.0,0,150,fighter_attack_absolute_kind_throw,,,,,,,attack_sound_level_s,collision_sound_attr_none,,,,attack_region_throw,true,,,
63_bayonetta,69,30,0,Back Throw,,45,80,,,,,6.0,,,collision_attr_normal,attack_lr_check_f,0,,[15],,,,0.0,0,60,fighter_attack_absolute_kind_throw,,,,,,,attack_sound_level_s,collision_sound_attr_none,,,,attack_region_throw,true,,,
63_bayonetta,69,31,0,Up Throw,,84,60,,,,,4.5,,,collision_attr_normal,attack_lr_check_f,0,,[10],,,,0.0,0,88,fighter_attack_absolute_kind_throw,,,,,,,attack_sound_level_s,collision_sound_attr_none,,,,attack_region_throw,true,,,
63_bayonetta,69,32,0,Down Throw,,78,26,,,,,5.0,,,collision_attr_normal,attack_lr_check_f,0,,[21],,,,0.0,0,136,fighter_attack_absolute_kind_throw,,,,,,,attack_sound_level_s,collision_sound_attr_none,,,,attack_region_throw,true,,,
64_inkling,70,22,0,Forward Throw,,50,70,,,,,3.0,,,collision_attr_normal,attack_lr_check_f,0,,[23],,,,0.0,0,60,fighter_attack_absolute_kind_throw,,,,,,,attack_sound_level_s,collision_sound_attr_none,,,,attack_region_throw,true,,,
64_inkling,70,23,0,Back Throw,,45,70,,,,,9.0,,,collision_attr_normal,attack_lr_check_f,0,,[17],,,,0.0,0,70,fighter_attack_absolute_kind_throw,,,,,,,attack_sound_level_s,collision_sound_attr_none,,,,attack_region_throw,true,,,
64_inkling,70,24,0,Up Throw,,90,70,,,,,3.0,,,collision_attr_normal,attack_lr_check_f,0,,[22],,,,0.0,0,75,fighter_attack_absolute_kind_throw,,,,,,,attack_sound_level_s,collision_sound_attr_none,,,,attack_region_throw,true,,,
64_inkling,70,25,0,Down Throw,,68,40,,,,,7.0,,,collision_attr_normal,attack_lr_check_f,0,,[14],,,,0.0,0,100,fighter_attack_absolute_kind_throw,,,,,,,attack_sound_level_s,collision_sound_attr_none,,,,attack_region_throw,true,,,
65_ridley,71,23,0,Forward Throw,,42,60,,,,,9.0,,,collision_attr_normal,attack_lr_check_f,0,,[13],,,,0.0,0,56,fighter_attack_absolute_kind_throw,,,,,,,attack_sound_level_s,collision_sound_attr_none,,,,attack_region_throw,true,,,
65_ridley,71,24,0,Back Throw,,47,70,,,,,11.0,,,collision_attr_normal,attack_lr_check_f,0,,[18],,,,0.0,0,48,fighter_attack_absolute_kind_throw,,,,,,,attack_sound_level_s,collision_sound_attr_none,,,,attack_region_throw,true,,,
65_ridley,71,25,0,Up Throw,,89,55,,,,,4.0,,,collision_attr_normal,attack_lr_check_f,0,,[19],,,,0.0,0,120,fighter_attack_absolute_kind_throw,,,,,,,attack_sound_level_s,collision_sound_attr_none,,,,attack_region_throw,true,,,
65_ridley,71,26,0,Down Throw,,74,40,,,,,7.0,,,collision_attr_normal,attack_lr_check_f,0,,[22],,,,0.0,0,115,fighter_attack_absolute_kind_throw,,,,,,,attack_sound_level_s,collision_sound_attr_none,,,,attack_region_throw,true,,,
66e_richter,73,28,0,Forward Throw,,40,75,,,,,7.0,,,collision_attr_normal,attack_lr_check_f,0,,[24],,,,0.0,0,75,fighter_attack_absolute_kind_throw,,,,,,,attack_sound_level_s,collision_sound_attr_none,,,,attack_region_throw,true,,,
66e_richter,73,29,0,Back Throw,,44,75,,,,,7.0,,,collision_attr_normal,attack_lr_check_f,0,,[18],,,,0.0,0,70,fighter_attack_absolute_kind_throw,,,,,,,attack_sound_level_s,collision_sound_attr_none,,,,attack_region_throw,true,,,
66e_richter,73,30,0,Up Throw,,90,70,,,,,4.0,,,collision_attr_normal,attack_lr_check_f,0,,[36],,,,0.0,0,82,fighter_attack_absolute_kind_throw,,,,,,,attack_sound_level_s,collision_sound_attr_none,,,,attack_region_throw,true,,,
66e_richter,73,31,0,Down Throw,,57,80,,,,,8.0,,,collision_attr_normal,attack_lr_check_f,0,,[24],,,,0.0,0,65,fighter_attack_absolute_kind_throw,,,,,,,attack_sound_level_s,collision_sound_attr_none,,,,attack_region_throw,true,,,
66_simon,72,28,0,Forward Throw,,40,75,,,,,7.0,,,collision_attr_normal,attack_lr_check_f,0,,[24],,,,0.0,0,75,fighter_attack_absolute_kind_throw,,,,,,,attack_sound_level_s,collision_sound_attr_none,,,,attack_region_throw,true,,,
66_simon,72,29,0,Back Throw,,44,75,,,,,7.0,,,collision_attr_normal,attack_lr_check_f,0,,[18],,,,0.0,0,70,fighter_attack_absolute_kind_throw,,,,,,,attack_sound_level_s,collision_sound_attr_none,,,,attack_region_throw,true,,,
66_simon,72,30,0,Up Throw,,90,70,,,,,4.0,,,collision_attr_normal,attack_lr_check_f,0,,[36],,,,0.0,0,82,fighter_attack_absolute_kind_throw,,,,,,,attack_sound_level_s,collision_sound_attr_none,,,,attack_region_throw,true,,,
66_simon,72,31,0,Down Throw,,57,80,,,,,8.0,,,collision_attr_normal,attack_lr_check_f,0,,[24],,,,0.0,0,65,fighter_attack_absolute_kind_throw,,,,,,,attack_sound_level_s,collision_sound_attr_none,,,,attack_region_throw,true,,,
67_king-k-rool,,23,0,Forward Throw,,52,60,,,,,10.0,,,collision_attr_normal,attack_lr_check_f,0,,[28],,,,0.0,0,55,fighter_attack_absolute_kind_throw,,,,,,,attack_sound_level_s,collision_sound_attr_none,,,,attack_region_throw,true,,,
67_king-k-rool,,24,0,Back Throw,,35,70,,,,,11.0,,,collision_attr_normal,attack_lr_check_f,0,,[32],,,,0.0,0,56,fighter_attack_absolute_kind_throw,,,,,,,attack_sound_level_s,collision_sound_attr_none,,,,attack_region_throw,true,,,
67_king-k-rool,,25,0,Up Throw,,90,85,,,,,16.0,,,collision_attr_normal,attack_lr_check_f,0,,[67],,,,0.0,0,44,fighter_attack_absolute_kind_throw,,,,,,,attack_sound_level_s,collision_sound_attr_heavy,,,,attack_region_throw,true,,,
67_king-k-rool,,26,0,Down Throw,,48,30,,,,,5.0,,,collision_attr_bury_r,attack_lr_check_f,0,,[40],,,,0.0,0,90,fighter_attack_absolute_kind_throw,,,,,,,attack_sound_level_s,collision_sound_attr_none,,,,attack_region_throw,true,,,
68_isabelle,75,17,0,Forward Throw,,45,107,,,,,9.0,,,collision_attr_normal,attack_lr_check_f,0,,[15],,,,0.0,0,20,fighter_attack_absolute_kind_throw,,,,,,,attack_sound_level_s,collision_sound_attr_none,,,,attack_region_throw,true,,,
68_isabelle,75,18,0,Back Throw,,135,18,,,,,11.0,,,collision_attr_normal,attack_lr_check_f,0,,[14],,,,0.0,0,110,fighter_attack_absolute_kind_throw,,,,,,,attack_sound_level_s,collision_sound_attr_none,,,,attack_region_throw,true,,,
68_isabelle,75,19,0,Up Throw,,90,105,,,,,10.0,,,collision_attr_normal,attack_lr_check_f,0,,[20],,,,0.0,0,40,fighter_attack_absolute_kind_throw,,,,,,,attack_sound_level_s,collision_sound_attr_none,,,,attack_region_throw,true,,,
68_isabelle,75,20,0,Down Throw,,70,60,,,,,6.0,,,collision_attr_normal,attack_lr_check_f,0,,[18],,,,0.0,0,80,fighter_attack_absolute_kind_throw,,,,,,,attack_sound_level_s,collision_sound_attr_none,,,,attack_region_throw,true,,,
68_isabelle,75,22,0,Fishing Rod (Forward Throw),,48,55,,,,,14.0,,,collision_attr_normal,attack_lr_check_f,0,,[15],,,,0.0,0,60,fighter_attack_absolute_kind_throw,,,,,,,attack_sound_level_s,collision_sound_attr_none,,,,attack_region_throw,true,,,
68_isabelle,75,23,0,Fishing Rod (Back Throw),,60,72,,,,,11.0,,,collision_attr_normal,attack_lr_check_b,0,,[13],,,,0.0,0,40,fighter_attack_absolute_kind_throw,,,,,,,attack_sound_level_s,collision_sound_attr_none,,,,attack_region_throw,true,,,
68_isabelle,75,24,0,Fishing Rod (Up Throw),,90,70,,,,,12.0,,,collision_attr_normal,attack_lr_check_f,0,,[22],,,,0.0,0,66,fighter_attack_absolute_kind_throw,,,,,,,attack_sound_level_s,collision_sound_attr_none,,,,attack_region_throw,true,,,
68_isabelle,75,25,0,Fishing Rod (Down Throw),,80,82,,,,,8.5,,,collision_attr_normal,attack_lr_check_f,0,,[22],,,,0.0,0,41,fighter_attack_absolute_kind_throw,,,,,,,attack_sound_level_s,collision_sound_attr_none,,,,attack_region_throw,true,,,
69_incineroar,76,21,0,Forward Throw,,45,82,,,,,12.0,,,collision_attr_normal,attack_lr_check_f,0,,[58],,,,0.0,0,58,fighter_attack_absolute_kind_throw,,,,,,,attack_sound_level_s,collision_sound_attr_none,,,,attack_region_throw,true,,,
69_incineroar,76,22,0,Back Throw,,47,57,,,,,0.0,,,collision_attr_normal,attack_lr_check_b,0,,[30],,,,0.0,0,340,fighter_attack_absolute_kind_throw,,,,,,,attack_sound_level_s,collision_sound_attr_none,,,,attack_region_throw,true,,,
69_incineroar,76,23,0,Up Throw,,88,68,,,,,12.0,,,collision_attr_normal,attack_lr_check_f,0,,[27],,,,0.0,0,70,fighter_attack_absolute_kind_throw,,,,,,,attack_sound_level_s,collision_sound_attr_none,,,,attack_region_throw,true,,,
69_incineroar,76,24,0,Down Throw,,68,70,,,,,9.0,,,collision_attr_normal,attack_lr_check_f,0,,[24],,,,0.0,0,47,fighter_attack_absolute_kind_throw,,,,,,,attack_sound_level_s,collision_sound_attr_none,,,,attack_region_throw,true,,,
69_incineroar,76,29,0,Alolan Whip (Lariat),,145,20,,,,,0.0,,,collision_attr_normal,attack_lr_check_b,0,,[7],,,,0.0,0,454,fighter_attack_absolute_kind_throw,,,,,,,attack_sound_level_s,collision_sound_attr_none,,,,attack_region_throw,true,,,
69_incineroar,76,30,0,Alolan Whip (Early),,105,70,,,,,0.0,,,collision_attr_normal,attack_lr_check_b,0,,[8],,,,0.0,0,280,fighter_attack_absolute_kind_throw,,,,,,,attack_sound_level_s,collision_sound_attr_none,,,,attack_region_throw,true,,,
69_incineroar,76,31,0,Alolan Whip (Failure),,30,30,,,,,0.0,,,collision_attr_normal,attack_lr_check_b,0,,[1],,,,0.0,0,50,fighter_attack_absolute_kind_throw,,,,,,,attack_sound_level_s,collision_sound_attr_none,,,,attack_region_throw,true,,,
70_piranha-plant,77,22,0,Forward Throw,,45,60,,,,,8.0,,,collision_attr_normal,attack_lr_check_f,0,,[14],,,,0.0,0,65,fighter_attack_absolute_kind_throw,,,,,,,attack_sound_level_s,collision_sound_attr_none,,,,attack_region_throw,true,,,
70_piranha-plant,77,23,0,Back Throw,,45,54,,,,,11.0,,,collision_attr_normal,attack_lr_check_f,0,,[19],,,,0.0,0,60,fighter_attack_absolute_kind_throw,,,,,,,attack_sound_level_s,collision_sound_attr_none,,,,attack_region_throw,true,,,
70_piranha-plant,77,24,0,Up Throw,,90,64,,,,,12.0,,,collision_attr_normal,attack_lr_check_f,0,,[20],,,,0.0,0,67,fighter_attack_absolute_kind_throw,,,,,,,attack_sound_level_s,collision_sound_attr_none,,,,attack_region_throw,true,,,
70_piranha-plant,77,25,0,Down Throw,,66,80,,,,,3.0,,,collision_attr_normal,attack_lr_check_f,0,,[],,,,0.0,0,80,fighter_attack_absolute_kind_throw,,,,,,,attack_sound_level_s,collision_sound_attr_none,,,,attack_region_throw,true,,,
71_joker,78,38,0,Forward Throw,,45,65,,,,,8.0,,,collision_attr_normal,attack_lr_check_f,0,,[9],,,,0.0,0,65,fighter_attack_absolute_kind_throw,,,,,,,attack_sound_level_s,collision_sound_attr_none,,,,attack_region_throw,true,,,
71_joker,78,39,0,Back Throw,,131,70,,,,,10.0,,,collision_attr_normal,attack_lr_check_f,0,,[14],,,,0.0,0,66,fighter_attack_absolute_kind_throw,,,,,,,attack_sound_level_s,collision_sound_attr_none,,,,attack_region_throw,true,,,
71_joker,78,40,0,Up Throw,,90,70,,,,,7.0,,,collision_attr_normal,attack_lr_check_f,0,,[16],,,,0.0,0,72,fighter_attack_absolute_kind_throw,,,,,,,attack_sound_level_s,collision_sound_attr_none,,,,attack_region_throw,true,,,
71_joker,78,41,0,Down Throw,,79,55,,,,,7.0,,,collision_attr_normal,attack_lr_check_f,0,,[23],,,,0.0,0,95,fighter_attack_absolute_kind_throw,,,,,,,attack_sound_level_s,collision_sound_attr_none,,,,attack_region_throw,true,,,
72_hero,79,20,0,Forward Throw,,36,80,,,,,7.0,,,collision_attr_normal,attack_lr_check_f,0,,[16],,,,0.0,0,45,fighter_attack_absolute_kind_throw,,,,,,,attack_sound_level_s,collision_sound_attr_none,,,,attack_region_throw,true,,,
72_hero,79,21,0,Back Throw,,47,70,,,,,9.0,,,collision_attr_normal,attack_lr_check_f,0,,[18],,,,0.0,0,57,fighter_attack_absolute_kind_throw,,,,,,,attack_sound_level_s,collision_sound_attr_none,,,,attack_region_throw,true,,,
72_hero,79,22,0,Up Throw,,89,65,,,,,7.0,,,collision_attr_normal,attack_lr_check_f,0,,[17],,,,0.0,0,80,fighter_attack_absolute_kind_throw,,,,,,,attack_sound_level_s,collision_sound_attr_none,,,,attack_region_throw,true,,,
72_hero,79,23,0,Down Throw,,74,77,,,,,6.0,,,collision_attr_normal,attack_lr_check_f,0,,[19],,,,0.0,0,64,fighter_attack_absolute_kind_throw,,,,,,,attack_sound_level_s,collision_sound_attr_none,,,,attack_region_throw,true,,,
73_banjo-kazooie,80,24,0,Forward Throw,,48,68,,,,,3.0,,,collision_attr_normal,attack_lr_check_f,0,,[11],,,,0.0,0,76,fighter_attack_absolute_kind_throw,,,,,,,attack_sound_level_s,collision_sound_attr_none,,,,attack_region_throw,true,,,
73_banjo-kazooie,80,25,0,Back Throw,,45,64,,,,,11.4,,,collision_attr_normal,attack_lr_check_f,0,,[36],,,,0.0,0,72,fighter_attack_absolute_kind_throw,,,,,,,attack_sound_level_s,collision_sound_attr_none,,,,attack_region_throw,true,,,
73_banjo-kazooie,80,26,0,Up Throw,,88,72,,,,,3.0,,,collision_attr_normal,attack_lr_check_f,0,,[15],,,,0.0,0,64,fighter_attack_absolute_kind_throw,,,,,,,attack_sound_level_s,collision_sound_attr_none,,,,attack_region_throw,true,,,
73_banjo-kazooie,80,27,0,Down Throw,,48,40,,,,,5.6,,,collision_attr_bury_r,attack_lr_check_f,0,,[34],,,,0.0,0,100,fighter_attack_absolute_kind_throw,,,,,,,attack_sound_level_s,collision_sound_attr_none,,,,attack_region_throw,true,,,
74_terry,81,19,0,Forward Throw,,45,60,,,,,10.0,,,collision_attr_normal,attack_lr_check_f,0,,[30],,,,0.0,0,59,fighter_attack_absolute_kind_throw,,,,,,,attack_sound_level_s,collision_sound_attr_none,,,,attack_region_throw,true,,,
74_terry,81,20,0,Back Throw,,45,60,,,,,10.0,,,collision_attr_normal,attack_lr_check_f,0,,[30],,,,0.0,0,59,fighter_attack_absolute_kind_throw,,,,,,,attack_sound_level_s,collision_sound_attr_none,,,,attack_region_throw,true,,,
74_terry,81,21,0,Up Throw,,80,70,,,,,1.0,,,collision_attr_normal,attack_lr_check_f,0,,[13],,,,0.0,0,105,fighter_attack_absolute_kind_throw,,,,,,,attack_sound_level_s,collision_sound_attr_none,,,,attack_region_throw,true,,,
74_terry,81,22,0,Down Throw,,100,80,,,,,8.0,,,collision_attr_normal,attack_lr_check_f,0,,[23],,,,0.0,0,60,fighter_attack_absolute_kind_throw,,,,,,,attack_sound_level_s,collision_sound_attr_none,,,,attack_region_throw,true,,,
74_terry,81,48,0,Buster Wolf (Throw),,45,73,,,,,20.0,,,collision_attr_normal,attack_lr_check_f,0,,[15],,,,0.8,0,63,fighter_attack_absolute_kind_throw,,,,,,,attack_sound_level_l,collision_sound_attr_bomb,,,,attack_region_energy,true,,,
75_byleth,82,24,0,Forward Throw,,49,70,,,,,3.0,,,collision_attr_normal,attack_lr_check_f,0,,[14],,,,0.0,0,110,fighter_attack_absolute_kind_throw,,,,,,,attack_sound_level_s,collision_sound_attr_none,,,,attack_region_throw,true,,,
75_byleth,82,25,0,Back Throw,,40,50,,,,,7.0,,,collision_attr_normal,attack_lr_check_f,0,,[30],,,,0.0,0,80,fighter_attack_absolute_kind_throw,,,,,,,attack_sound_level_s,collision_sound_attr_none,,,,attack_region_throw,true,,,
75_byleth,82,26,0,Up Throw,,84,80,,,,,3.0,,,collision_attr_normal,attack_lr_check_f,0,,[15],,,,0.0,0,90,fighter_attack_absolute_kind_throw,,,,,,,attack_sound_level_s,collision_sound_attr_none,,,,attack_region_throw,true,,,
75_byleth,82,27,0,Down Throw,,74,50,,,,,2.0,,,collision_attr_normal,attack_lr_check_f,0,,[13],,,,0.0,0,150,fighter_attack_absolute_kind_throw,,,,,,,attack_sound_level_s,collision_sound_attr_none,,,,attack_region_throw,true,,,
76_min-min,83,41,0,Forward Throw,,33,58,,,,,4.0,,,collision_attr_normal,attack_lr_check_f,0,,[13],,,,0.0,0,75,fighter_attack_absolute_kind_throw,,,,,,,attack_sound_level_s,collision_sound_attr_none,,,,attack_region_throw,true,,,
76_min-min,83,42,0,Back Throw,,47,32,,,,,0.0,,,collision_attr_normal,attack_lr_check_b,0,,[31],,,,0.0,0,340,fighter_attack_absolute_kind_throw,,,,,,,attack_sound_level_s,collision_sound_attr_none,,,,attack_region_throw,true,,,
76_min-min,83,43,0,Up Throw,,73,65,,,,,8.0,,,collision_attr_normal,attack_lr_check_f,0,,[11],,,,0.0,0,88,fighter_attack_absolute_kind_throw,,,,,,,attack_sound_level_s,collision_sound_attr_none,,,,attack_region_throw,true,,,
76_min-min,83,44,0,Down Throw,,75,90,,,,,4.0,,,collision_attr_normal,attack_lr_check_f,0,,[16],,,,0.0,0,60,fighter_attack_absolute_kind_throw,,,,,,,attack_sound_level_s,collision_sound_attr_none,,,,attack_region_throw,true,,,
77_steve,84,38,0,Forward Throw,,25,78,,,,,6.0,,,collision_attr_normal,attack_lr_check_f,0,,[14],,,,0.0,0,59,fighter_attack_absolute_kind_throw,,,,,,,attack_sound_level_s,collision_sound_attr_none,,,,attack_region_throw,true,,,
77_steve,84,39,0,Back Throw,,55,70,,,,,10.0,,,collision_attr_normal,attack_lr_check_f,0,,[24],,,,0.0,2,66,fighter_attack_absolute_kind_throw,,,,,,,attack_sound_level_s,collision_sound_attr_none,,,,attack_region_throw,true,,,
77_steve,84,40,0,Up Throw,,90,70,,,,,8.0,,,collision_attr_normal,attack_lr_check_f,0,,[19],,,,0.0,0,83,fighter_attack_absolute_kind_throw,,,,,,,attack_sound_level_s,collision_sound_attr_none,,,,attack_region_throw,true,,,
77_steve,84,41,0,Down Throw,,58,50,,,,,8.0,,,collision_attr_normal,attack_lr_check_f,0,,[20],,,,0.0,0,74,fighter_attack_absolute_kind_throw,,,,,,,attack_sound_level_s,collision_sound_attr_none,,,,attack_region_throw,true,,,
77_steve,84,42,0,Down Throw (Anvil),,58,50,,,,,8.0,,,collision_attr_normal,attack_lr_check_f,0,,[20],,,,0.0,0,74,fighter_attack_absolute_kind_throw,,,,,,,attack_sound_level_s,collision_sound_attr_none,,,,attack_region_throw,true,,,
78_sephiroth,85,27,0,Forward Throw,,28,70,,,,,3.0,,,collision_attr_normal,attack_lr_check_f,0,,[15],,,,0.0,0,68,fighter_attack_absolute_kind_throw,,,,,,,attack_sound_level_s,collision_sound_attr_none,,,,attack_region_throw,true,,,
78_sephiroth,85,28,0,Back Throw,,58,60,,,,,3.5,,,collision_attr_normal,attack_lr_check_b,0,,[19],,,,0.0,0,105,fighter_attack_absolute_kind_throw,,,,,,,attack_sound_level_s,collision_sound_attr_none,,,,attack_region_throw,true,,,
78_sephiroth,85,29,0,Up Throw,,98,70,,,,,3.0,,,collision_attr_normal,attack_lr_check_f,0,,[14],,,,0.0,0,110,fighter_attack_absolute_kind_throw,,,,,,,attack_sound_level_s,collision_sound_attr_none,,,,attack_region_throw,true,,,
78_sephiroth,85,30,0,Down Throw,,56,80,,,,,4.0,,,collision_attr_normal,attack_lr_check_f,0,,[40],,,,0.0,0,94,fighter_attack_absolute_kind_throw,,,,,,,attack_sound_level_m,collision_sound_attr_none,,,,attack_region_throw,true,,,
79_pyra,86,24,0,Forward Throw,,33,58,,,,,5.5,,,collision_attr_normal,attack_lr_check_f,0,,[11],,,,0.0,0,75,fighter_attack_absolute_kind_throw,,,,,,,attack_sound_level_s,collision_sound_attr_none,,,,attack_region_throw,true,,,
79_pyra,86,25,0,Back Throw,,50,72,,,,,4.0,,,collision_attr_normal,attack_lr_check_f,0,,[17],,,,0.0,0,45,fighter_attack_absolute_kind_throw,,,,,,,attack_sound_level_s,collision_sound_attr_none,,,,attack_region_throw,true,,,
79_pyra,86,26,0,Up Throw,,84,80,,,,,5.0,,,collision_attr_normal,attack_lr_check_f,0,,[9],,,,0.0,0,45,fighter_attack_absolute_kind_throw,,,,,,,attack_sound_level_s,collision_sound_attr_none,,,,attack_region_throw,true,,,
79_pyra,86,27,0,Down Throw,,80,85,,,,,4.0,,,collision_attr_normal,attack_lr_check_f,0,,[25],,,,0.5,0,100,fighter_attack_absolute_kind_throw,,,,,,,attack_sound_level_s,collision_sound_attr_none,,,,attack_region_throw,true,,,
80_mythra,87,25,0,Forward Throw,,33,58,,,,,2.5,,,collision_attr_normal,attack_lr_check_f,0,,[11],,,,0.0,0,75,fighter_attack_absolute_kind_throw,,,,,,,attack_sound_level_s,collision_sound_attr_none,,,,attack_region_throw,true,,,
80_mythra,87,26,0,Back Throw,,50,72,,,,,2.5,,,collision_attr_normal,attack_lr_check_f,0,,[17],,,,0.0,0,45,fighter_attack_absolute_kind_throw,,,,,,,attack_sound_level_s,collision_sound_attr_none,,,,attack_region_throw,true,,,
80_mythra,87,27,0,Up Throw,,84,70,,,,,4.0,,,collision_attr_normal,attack_lr_check_f,0,,[9],,,,0.0,0,65,fighter_attack_absolute_kind_throw,,,,,,,attack_sound_level_s,collision_sound_attr_none,,,,attack_region_throw,true,,,
80_mythra,87,28,0,Down Throw,,80,85,,,,,3.0,,,collision_attr_normal,attack_lr_check_f,0,,[25],,,,0.5,0,100,fighter_attack_absolute_kind_throw,,,,,,,attack_sound_level_s,collision_sound_attr_none,,,,attack_region_throw,true,,,
81_kazuya,88,48,0,Forward Throw,,40,70,,,,,2.0,,,collision_attr_normal,attack_lr_check_f,0,,[42],,,,0.0,0,125,fighter_attack_absolute_kind_throw,,,,,,,attack_sound_level_s,collision_sound_attr_none,,,,attack_region_throw,true,,,
81_kazuya,88,49,0,Back Throw,,58,34,,,,,0.0,,,collision_attr_normal,attack_lr_check_f,0,,[47],,,,0.0,0,340,fighter_attack_absolute_kind_throw,,,,,,,attack_sound_level_s,collision_sound_attr_none,,,,attack_region_throw,true,,,
81_kazuya,88,50,0,Up Throw,,76,65,,,,,2.0,,,collision_attr_normal,attack_lr_check_f,10,,[14],,,,0.0,0,45,fighter_attack_absolute_kind_throw,,,,,,,attack_sound_level_s,collision_sound_attr_none,,,,attack_region_throw,true,,,
81_kazuya,88,51,0,Down Throw,,72,53,,,,,1.0,,,collision_attr_normal,attack_lr_check_f,0,,[35],,,,0.0,0,100,fighter_attack_absolute_kind_throw,,,,,,,attack_sound_level_s,collision_sound_attr_none,,,,attack_region_throw,true,,,
81_kazuya,88,53,0,Gates of Hell (Throw),,165,65,,,,,1.0,,,collision_attr_normal,attack_lr_check_b,0,,[81],,,,0.0,0,150,fighter_attack_absolute_kind_throw,,,,,,,attack_sound_level_s,collision_sound_attr_none,,,,attack_region_throw,true,,,
81_kazuya,88,61,0,Heaven's Door (Land),,60,80,,,,,17.0,,,collision_attr_normal,attack_lr_check_f,0,,[],,,,0.0,0,60,fighter_attack_absolute_kind_throw,,,,,,,attack_sound_level_l,collision_sound_attr_none,,,,attack_region_body,true,,,
81_kazuya,88,65,0,Rage Drive (Land),,60,67,,,,,13.0,,,collision_attr_normal,attack_lr_check_f,0,,[4],,,,0.0,0,95,fighter_attack_absolute_kind_throw,,,,,,,attack_sound_level_s,collision_sound_attr_none,,,,attack_region_punch,true,,,
81_kazuya,88,66,0,"Rage Drive (Input, Land)",,60,55,,,,,16.0,,,collision_attr_normal,attack_lr_check_f,0,,[4],,,,0.0,0,95,fighter_attack_absolute_kind_throw,,,,,,,attack_sound_level_s,collision_sound_attr_none,,,,attack_region_punch,true,,,
82_sora,89,27,0,Forward Throw,,48,46,,,,,3.0,,,collision_attr_normal,attack_lr_check_f,0,,[17],,,,0.0,0,134,fighter_attack_absolute_kind_throw,,,,,,,attack_sound_level_s,collision_sound_attr_none,,,,attack_region_throw,true,,,
82_sora,89,28,0,Back Throw,,44,56,,,,,11.8,,,collision_attr_normal,attack_lr_check_f,0,,[34],,,,0.0,0,69,fighter_attack_absolute_kind_throw,,,,,,,attack_sound_level_s,collision_sound_attr_none,,,,attack_region_throw,true,,,
82_sora,89,29,0,Up Throw,,88,66,,,,,6.8,,,collision_attr_normal,attack_lr_check_f,0,,[13],,,,0.0,0,88,fighter_attack_absolute_kind_throw,,,,,,,attack_sound_level_s,collision_sound_attr_none,,,,attack_region_throw,true,,,
82_sora,89,30,0,Down Throw,,78,64,,,,,4.6,,,collision_attr_normal,attack_lr_check_f,0,,[19],,,,0.0,0,74,fighter_attack_absolute_kind_throw,,,,,,,attack_sound_level_s,collision_sound_attr_none,,,,attack_region_throw,true,,,
